id,invoice_number,supplier_gstin,supplier_name,financial_year,rendered
1,VL/WAL/202627/00001,32AAIFI0458G1ZN,VOLTLYNC PRIVATE LIMITED,2026-27,f
2,VL/WAL/202627/00002,32AAIFI0458G1ZN,VOLTLYNC PRIVATE LIMITED,2026-27,f
3,VL/WAL/202627/00003,32AAIFI0458G1ZN,VOLTLYNC PRIVATE LIMITED,2026-27,f
4,VL/F2/QR/202627/00001,32AAIFI0458G1ZN,VOLTLYNC PRIVATE LIMITED,2026-27,t
5,VL/F2/QR/202627/00002,32AAIFI0458G1ZN,VOLTLYNC PRIVATE LIMITED,2026-27,t
6,VL/F2/QR/202627/00003,32AAIFI0458G1ZN,VOLTLYNC PRIVATE LIMITED,2026-27,t
7,VL/F2/QR/202627/00004,32AAIFI0458G1ZN,VOLTLYNC PRIVATE LIMITED,2026-27,f
8,VL/F5/QR/202627/00001,32AAIFI0458G1ZN,VOLTLYNC PRIVATE LIMITED,2026-27,f
9,VL/F5/QR/202627/00002,32AAIFI0458G1ZN,VOLTLYNC PRIVATE LIMITED,2026-27,f
10,VL/F5/QR/202627/00003,32AAIFI0458G1ZN,VOLTLYNC PRIVATE LIMITED,2026-27,f
11,VL/F5/QR/202627/00004,32AAIFI0458G1ZN,VOLTLYNC PRIVATE LIMITED,2026-27,f
12,VL/F5/QR/202627/00005,32AAIFI0458G1ZN,VOLTLYNC PRIVATE LIMITED,2026-27,f
13,VL/F5/QR/202627/00006,32AAIFI0458G1ZN,VOLTLYNC PRIVATE LIMITED,2026-27,f
14,VL/F5/QR/202627/00007,32AAIFI0458G1ZN,VOLTLYNC PRIVATE LIMITED,2026-27,f
15,VL/F5/QR/202627/00008,32AAIFI0458G1ZN,VOLTLYNC PRIVATE LIMITED,2026-27,f
16,VL/F5/QR/202627/00009,32AAIFI0458G1ZN,VOLTLYNC PRIVATE LIMITED,2026-27,f
17,VL/F5/WAL/202627/00001,32AAIFI0458G1ZN,VOLTLYNC PRIVATE LIMITED,2026-27,f
18,VL/F5/WAL/202627/00002,32AAIFI0458G1ZN,VOLTLYNC PRIVATE LIMITED,2026-27,f
19,VL/F5/QR/202627/00010,32AAIFI0458G1ZN,VOLTLYNC PRIVATE LIMITED,2026-27,f
20,VL/F5/WAL/202627/00003,32AAIFI0458G1ZN,VOLTLYNC PRIVATE LIMITED,2026-27,f
21,VL/F5/QR/202627/00011,32AAIFI0458G1ZN,VOLTLYNC PRIVATE LIMITED,2026-27,f
22,VL/F5/QR/202627/00012,32AAIFI0458G1ZN,VOLTLYNC PRIVATE LIMITED,2026-27,f
23,VL/F5/QR/202627/00013,32AAIFI0458G1ZN,VOLTLYNC PRIVATE LIMITED,2026-27,t
24,VL/F5/QR/202627/00014,32AAIFI0458G1ZN,VOLTLYNC PRIVATE LIMITED,2026-27,f
25,VL/F5/QR/202627/00015,32AAIFI0458G1ZN,VOLTLYNC PRIVATE LIMITED,2026-27,f
26,VL/F5/WAL/202627/00004,32AAIFI0458G1ZN,VOLTLYNC PRIVATE LIMITED,2026-27,f
27,VL/F5/QR/202627/00016,32AAIFI0458G1ZN,VOLTLYNC PRIVATE LIMITED,2026-27,f
28,VL/F5/QR/202627/00017,32AAIFI0458G1ZN,VOLTLYNC PRIVATE LIMITED,2026-27,f
29,VL/F5/QR/202627/00018,32AAIFI0458G1ZN,VOLTLYNC PRIVATE LIMITED,2026-27,f
30,VL/F5/QR/202627/00019,32AAIFI0458G1ZN,VOLTLYNC PRIVATE LIMITED,2026-27,f
31,VL/F5/QR/202627/00020,32AAIFI0458G1ZN,VOLTLYNC PRIVATE LIMITED,2026-27,f
32,VL/F5/WAL/202627/00005,32AAIFI0458G1ZN,VOLTLYNC PRIVATE LIMITED,2026-27,f
33,VL/F5/QR/202627/00021,32AAIFI0458G1ZN,VOLTLYNC PRIVATE LIMITED,2026-27,f
34,VL/F5/QR/202627/00022,32AAIFI0458G1ZN,VOLTLYNC PRIVATE LIMITED,2026-27,f
35,VL/F5/QR/202627/00023,32AAIFI0458G1ZN,VOLTLYNC PRIVATE LIMITED,2026-27,f
36,VL/F5/QR/202627/00024,32AAIFI0458G1ZN,VOLTLYNC PRIVATE LIMITED,2026-27,f
37,VL/F5/QR/202627/00025,32AAIFI0458G1ZN,VOLTLYNC PRIVATE LIMITED,2026-27,t
38,VL/F5/QR/202627/00026,32AAIFI0458G1ZN,VOLTLYNC PRIVATE LIMITED,2026-27,t
39,VL/F5/QR/202627/00027,32AAIFI0458G1ZN,VOLTLYNC PRIVATE LIMITED,2026-27,t
40,VL/F5/QR/202627/00028,32AAIFI0458G1ZN,VOLTLYNC PRIVATE LIMITED,2026-27,f
41,VL/F5/QR/202627/00029,32AAIFI0458G1ZN,VOLTLYNC PRIVATE LIMITED,2026-27,t
42,VL/F5/QR/202627/00030,32AAIFI0458G1ZN,VOLTLYNC PRIVATE LIMITED,2026-27,t
43,VL/F5/QR/202627/00031,32AAIFI0458G1ZN,VOLTLYNC PRIVATE LIMITED,2026-27,t
44,VL/F5/QR/202627/00032,32AAIFI0458G1ZN,VOLTLYNC PRIVATE LIMITED,2026-27,f
45,VL/F5/QR/202627/00033,32AAIFI0458G1ZN,VOLTLYNC PRIVATE LIMITED,2026-27,f
46,VL/F5/QR/202627/00034,32AAIFI0458G1ZN,VOLTLYNC PRIVATE LIMITED,2026-27,f
47,VL/F5/QR/202627/00035,32AAIFI0458G1ZN,VOLTLYNC PRIVATE LIMITED,2026-27,t
48,VL/F5/QR/202627/00036,32AAIFI0458G1ZN,VOLTLYNC PRIVATE LIMITED,2026-27,f
49,VL/F5/QR/202627/00037,32AAIFI0458G1ZN,VOLTLYNC PRIVATE LIMITED,2026-27,f
50,VL/F5/QR/202627/00038,32AAIFI0458G1ZN,VOLTLYNC PRIVATE LIMITED,2026-27,f
51,VL/F5/QR/202627/00039,32AAIFI0458G1ZN,VOLTLYNC PRIVATE LIMITED,2026-27,f
52,VL/F5/QR/202627/00040,32AAIFI0458G1ZN,VOLTLYNC PRIVATE LIMITED,2026-27,f
53,VL/F5/QR/202627/00041,32AAIFI0458G1ZN,VOLTLYNC PRIVATE LIMITED,2026-27,t
54,VL/F5/QR/202627/00042,32AAIFI0458G1ZN,VOLTLYNC PRIVATE LIMITED,2026-27,t
55,VL/F5/QR/202627/00043,32AAIFI0458G1ZN,VOLTLYNC PRIVATE LIMITED,2026-27,t
56,VL/F5/QR/202627/00044,32AAIFI0458G1ZN,VOLTLYNC PRIVATE LIMITED,2026-27,f
57,VL/F5/QR/202627/00045,32AAIFI0458G1ZN,VOLTLYNC PRIVATE LIMITED,2026-27,t
58,VL/F5/QR/202627/00046,32AAIFI0458G1ZN,VOLTLYNC PRIVATE LIMITED,2026-27,f
59,VL/F5/QR/202627/00047,32AAIFI0458G1ZN,VOLTLYNC PRIVATE LIMITED,2026-27,f
60,VL/F5/QR/202627/00048,32AAIFI0458G1ZN,VOLTLYNC PRIVATE LIMITED,2026-27,t
61,VL/F5/QR/202627/00049,32AAIFI0458G1ZN,VOLTLYNC PRIVATE LIMITED,2026-27,f
62,VL/F5/QR/202627/00050,32AAIFI0458G1ZN,VOLTLYNC PRIVATE LIMITED,2026-27,t
63,VL/F5/QR/202627/00051,32AAIFI0458G1ZN,VOLTLYNC PRIVATE LIMITED,2026-27,f
64,VL/F5/QR/202627/00052,32AAIFI0458G1ZN,VOLTLYNC PRIVATE LIMITED,2026-27,f
65,VL/F5/QR/202627/00053,32AAIFI0458G1ZN,VOLTLYNC PRIVATE LIMITED,2026-27,f
66,VL/F5/QR/202627/00054,32AAIFI0458G1ZN,VOLTLYNC PRIVATE LIMITED,2026-27,t
67,VL/F5/QR/202627/00055,32AAIFI0458G1ZN,VOLTLYNC PRIVATE LIMITED,2026-27,f
68,VL/F5/QR/202627/00056,32AAIFI0458G1ZN,VOLTLYNC PRIVATE LIMITED,2026-27,f
69,VL/F5/QR/202627/00057,32AAIFI0458G1ZN,VOLTLYNC PRIVATE LIMITED,2026-27,f
70,VL/F5/QR/202627/00058,32AAIFI0458G1ZN,VOLTLYNC PRIVATE LIMITED,2026-27,f
71,VL/F5/QR/202627/00059,32AAIFI0458G1ZN,VOLTLYNC PRIVATE LIMITED,2026-27,f
72,VL/F5/QR/202627/00060,32AAIFI0458G1ZN,VOLTLYNC PRIVATE LIMITED,2026-27,f
73,VL/F5/QR/202627/00061,32AAIFI0458G1ZN,VOLTLYNC PRIVATE LIMITED,2026-27,f
74,VL/F5/QR/202627/00062,32AAIFI0458G1ZN,VOLTLYNC PRIVATE LIMITED,2026-27,f
75,VL/F5/QR/202627/00063,32AAIFI0458G1ZN,VOLTLYNC PRIVATE LIMITED,2026-27,f
76,VL/F5/QR/202627/00064,32AAIFI0458G1ZN,VOLTLYNC PRIVATE LIMITED,2026-27,f
77,VL/F5/QR/202627/00065,32AAIFI0458G1ZN,VOLTLYNC PRIVATE LIMITED,2026-27,t
78,VL/F5/QR/202627/00066,32AAIFI0458G1ZN,VOLTLYNC PRIVATE LIMITED,2026-27,f
79,VL/F5/QR/202627/00067,32AAIFI0458G1ZN,VOLTLYNC PRIVATE LIMITED,2026-27,f
80,VL/F5/QR/202627/00068,32AAIFI0458G1ZN,VOLTLYNC PRIVATE LIMITED,2026-27,f
81,VL/F5/QR/202627/00069,32AAIFI0458G1ZN,VOLTLYNC PRIVATE LIMITED,2026-27,f
82,VL/F5/QR/202627/00070,32AAIFI0458G1ZN,VOLTLYNC PRIVATE LIMITED,2026-27,f
83,VL/F5/QR/202627/00071,32AAIFI0458G1ZN,VOLTLYNC PRIVATE LIMITED,2026-27,f
84,VL/F5/QR/202627/00072,32AAIFI0458G1ZN,VOLTLYNC PRIVATE LIMITED,2026-27,f
85,VL/F5/QR/202627/00073,32AAIFI0458G1ZN,VOLTLYNC PRIVATE LIMITED,2026-27,f
86,VL/F5/QR/202627/00074,32AAIFI0458G1ZN,VOLTLYNC PRIVATE LIMITED,2026-27,f
87,VL/F5/QR/202627/00075,32AAIFI0458G1ZN,VOLTLYNC PRIVATE LIMITED,2026-27,f
88,VL/F5/QR/202627/00076,32AAIFI0458G1ZN,VOLTLYNC PRIVATE LIMITED,2026-27,t
89,VL/F5/QR/202627/00077,32AAIFI0458G1ZN,VOLTLYNC PRIVATE LIMITED,2026-27,f
90,VL/F5/QR/202627/00078,32AAIFI0458G1ZN,VOLTLYNC PRIVATE LIMITED,2026-27,f
91,VL/F5/QR/202627/00079,32AAIFI0458G1ZN,VOLTLYNC PRIVATE LIMITED,2026-27,f
92,VL/F5/QR/202627/00080,32AAIFI0458G1ZN,VOLTLYNC PRIVATE LIMITED,2026-27,f
93,VL/F5/QR/202627/00081,32AAIFI0458G1ZN,VOLTLYNC PRIVATE LIMITED,2026-27,f
94,VL/F5/QR/202627/00082,32AAIFI0458G1ZN,VOLTLYNC PRIVATE LIMITED,2026-27,f
95,VL/F5/QR/202627/00083,32AAIFI0458G1ZN,VOLTLYNC PRIVATE LIMITED,2026-27,t
96,VL/F5/QR/202627/00084,32AAIFI0458G1ZN,VOLTLYNC PRIVATE LIMITED,2026-27,f
97,VL/F5/QR/202627/00085,32AAIFI0458G1ZN,VOLTLYNC PRIVATE LIMITED,2026-27,f
98,VL/F5/QR/202627/00086,32AAIFI0458G1ZN,VOLTLYNC PRIVATE LIMITED,2026-27,f
99,VL/F5/QR/202627/00087,32AAIFI0458G1ZN,VOLTLYNC PRIVATE LIMITED,2026-27,t
100,VL/F5/QR/202627/00088,32AAIFI0458G1ZN,VOLTLYNC PRIVATE LIMITED,2026-27,f
101,VL/F5/QR/202627/00089,32AAIFI0458G1ZN,VOLTLYNC PRIVATE LIMITED,2026-27,t
102,VL/F5/QR/202627/00090,32AAIFI0458G1ZN,VOLTLYNC PRIVATE LIMITED,2026-27,f
103,VL/F5/QR/202627/00091,32AAIFI0458G1ZN,VOLTLYNC PRIVATE LIMITED,2026-27,t
104,VL/F5/QR/202627/00092,32AAIFI0458G1ZN,VOLTLYNC PRIVATE LIMITED,2026-27,f
105,VL/F5/QR/202627/00093,32AAIFI0458G1ZN,VOLTLYNC PRIVATE LIMITED,2026-27,f
106,VL/F5/QR/202627/00094,32AAIFI0458G1ZN,VOLTLYNC PRIVATE LIMITED,2026-27,f
107,VL/F5/QR/202627/00095,32AAIFI0458G1ZN,VOLTLYNC PRIVATE LIMITED,2026-27,f
108,VL/F5/QR/202627/00096,32AAIFI0458G1ZN,VOLTLYNC PRIVATE LIMITED,2026-27,f
109,VL/F5/QR/202627/00097,32AAIFI0458G1ZN,VOLTLYNC PRIVATE LIMITED,2026-27,f
110,VL/F5/QR/202627/00098,32AAIFI0458G1ZN,VOLTLYNC PRIVATE LIMITED,2026-27,f
111,VL/F5/QR/202627/00099,32AAIFI0458G1ZN,VOLTLYNC PRIVATE LIMITED,2026-27,f
112,VL/F5/QR/202627/00100,32AAIFI0458G1ZN,VOLTLYNC PRIVATE LIMITED,2026-27,f
113,VL/F5/QR/202627/00101,32AAIFI0458G1ZN,VOLTLYNC PRIVATE LIMITED,2026-27,f
114,VL/F5/QR/202627/00102,32AAIFI0458G1ZN,VOLTLYNC PRIVATE LIMITED,2026-27,f
115,VL/F5/QR/202627/00103,32AAIFI0458G1ZN,VOLTLYNC PRIVATE LIMITED,2026-27,f
116,VL/F5/QR/202627/00104,32AAIFI0458G1ZN,VOLTLYNC PRIVATE LIMITED,2026-27,f
117,VL/F5/QR/202627/00105,32AAIFI0458G1ZN,VOLTLYNC PRIVATE LIMITED,2026-27,f
118,VL/F5/QR/202627/00106,32AAIFI0458G1ZN,VOLTLYNC PRIVATE LIMITED,2026-27,f
119,VL/F5/QR/202627/00107,32AAIFI0458G1ZN,VOLTLYNC PRIVATE LIMITED,2026-27,f
120,VL/F5/QR/202627/00108,32AAIFI0458G1ZN,VOLTLYNC PRIVATE LIMITED,2026-27,f
121,VL/F5/QR/202627/00109,32AAIFI0458G1ZN,VOLTLYNC PRIVATE LIMITED,2026-27,f
122,VL/F5/QR/202627/00110,32AAIFI0458G1ZN,VOLTLYNC PRIVATE LIMITED,2026-27,f
123,VL/F5/QR/202627/00111,32AAIFI0458G1ZN,VOLTLYNC PRIVATE LIMITED,2026-27,f
124,VL/F5/QR/202627/00112,32AAIFI0458G1ZN,VOLTLYNC PRIVATE LIMITED,2026-27,f
125,VL/F5/QR/202627/00113,32AAIFI0458G1ZN,VOLTLYNC PRIVATE LIMITED,2026-27,f
126,VL/F5/QR/202627/00114,32AAIFI0458G1ZN,VOLTLYNC PRIVATE LIMITED,2026-27,t
127,VL/F5/QR/202627/00115,32AAIFI0458G1ZN,VOLTLYNC PRIVATE LIMITED,2026-27,f
128,VL/F5/QR/202627/00116,32AAIFI0458G1ZN,VOLTLYNC PRIVATE LIMITED,2026-27,f
129,VL/F5/QR/202627/00117,32AAIFI0458G1ZN,VOLTLYNC PRIVATE LIMITED,2026-27,f
130,VL/F5/QR/202627/00118,32AAIFI0458G1ZN,VOLTLYNC PRIVATE LIMITED,2026-27,f
131,VL/F5/QR/202627/00119,32AAIFI0458G1ZN,VOLTLYNC PRIVATE LIMITED,2026-27,f
132,VL/F5/QR/202627/00120,32AAIFI0458G1ZN,VOLTLYNC PRIVATE LIMITED,2026-27,f
133,VL/F5/QR/202627/00121,32AAIFI0458G1ZN,VOLTLYNC PRIVATE LIMITED,2026-27,f
134,VL/F5/QR/202627/00122,32AAIFI0458G1ZN,VOLTLYNC PRIVATE LIMITED,2026-27,f
135,VL/F5/QR/202627/00123,32AAIFI0458G1ZN,VOLTLYNC PRIVATE LIMITED,2026-27,f
136,VL/F5/QR/202627/00124,32AAIFI0458G1ZN,VOLTLYNC PRIVATE LIMITED,2026-27,t
137,VL/F5/QR/202627/00125,32AAIFI0458G1ZN,VOLTLYNC PRIVATE LIMITED,2026-27,f
138,VL/F5/QR/202627/00126,32AAIFI0458G1ZN,VOLTLYNC PRIVATE LIMITED,2026-27,f
139,VL/F5/QR/202627/00127,32AAIFI0458G1ZN,VOLTLYNC PRIVATE LIMITED,2026-27,t
140,VL/F5/QR/202627/00128,32AAIFI0458G1ZN,VOLTLYNC PRIVATE LIMITED,2026-27,f
141,VL/F5/QR/202627/00129,32AAIFI0458G1ZN,VOLTLYNC PRIVATE LIMITED,2026-27,f
142,VL/F5/QR/202627/00130,32AAIFI0458G1ZN,VOLTLYNC PRIVATE LIMITED,2026-27,t
143,VL/F5/QR/202627/00131,32AAIFI0458G1ZN,VOLTLYNC PRIVATE LIMITED,2026-27,f
144,VL/F5/QR/202627/00132,32AAIFI0458G1ZN,VOLTLYNC PRIVATE LIMITED,2026-27,f
145,VL/F5/QR/202627/00133,32AAIFI0458G1ZN,VOLTLYNC PRIVATE LIMITED,2026-27,f
146,VL/F5/QR/202627/00134,32AAIFI0458G1ZN,VOLTLYNC PRIVATE LIMITED,2026-27,f
147,VL/F5/QR/202627/00135,32AAIFI0458G1ZN,VOLTLYNC PRIVATE LIMITED,2026-27,f
148,VL/F5/QR/202627/00136,32AAIFI0458G1ZN,VOLTLYNC PRIVATE LIMITED,2026-27,f
149,VL/F5/QR/202627/00137,32AAIFI0458G1ZN,VOLTLYNC PRIVATE LIMITED,2026-27,f
150,VL/F5/QR/202627/00138,32AAIFI0458G1ZN,VOLTLYNC PRIVATE LIMITED,2026-27,f
151,VL/F5/QR/202627/00139,32AAIFI0458G1ZN,VOLTLYNC PRIVATE LIMITED,2026-27,f
152,VL/F5/QR/202627/00140,32AAIFI0458G1ZN,VOLTLYNC PRIVATE LIMITED,2026-27,f
153,VL/F5/QR/202627/00141,32AAIFI0458G1ZN,VOLTLYNC PRIVATE LIMITED,2026-27,f
154,VL/F5/QR/202627/00142,32AAIFI0458G1ZN,VOLTLYNC PRIVATE LIMITED,2026-27,f
155,VL/F5/QR/202627/00143,32AAIFI0458G1ZN,VOLTLYNC PRIVATE LIMITED,2026-27,f
156,VL/F5/QR/202627/00144,32AAIFI0458G1ZN,VOLTLYNC PRIVATE LIMITED,2026-27,f
157,VL/F5/QR/202627/00145,32AAIFI0458G1ZN,VOLTLYNC PRIVATE LIMITED,2026-27,f
158,VL/F5/QR/202627/00146,32AAIFI0458G1ZN,VOLTLYNC PRIVATE LIMITED,2026-27,f
159,VL/F5/QR/202627/00147,32AAIFI0458G1ZN,VOLTLYNC PRIVATE LIMITED,2026-27,f
160,VL/F5/QR/202627/00148,32AAIFI0458G1ZN,VOLTLYNC PRIVATE LIMITED,2026-27,f
161,VL/F5/QR/202627/00149,32AAIFI0458G1ZN,VOLTLYNC PRIVATE LIMITED,2026-27,f
162,VL/F5/QR/202627/00150,32AAIFI0458G1ZN,VOLTLYNC PRIVATE LIMITED,2026-27,f
163,VL/F5/QR/202627/00151,32AAIFI0458G1ZN,VOLTLYNC PRIVATE LIMITED,2026-27,f
164,VL/F5/QR/202627/00152,32AAIFI0458G1ZN,VOLTLYNC PRIVATE LIMITED,2026-27,f
165,VL/F5/QR/202627/00153,32AAIFI0458G1ZN,VOLTLYNC PRIVATE LIMITED,2026-27,f
166,VL/F5/QR/202627/00154,32AAIFI0458G1ZN,VOLTLYNC PRIVATE LIMITED,2026-27,f
167,VL/F5/QR/202627/00155,32AAIFI0458G1ZN,VOLTLYNC PRIVATE LIMITED,2026-27,f
168,VL/F5/QR/202627/00156,32AAIFI0458G1ZN,VOLTLYNC PRIVATE LIMITED,2026-27,f
169,VL/F5/QR/202627/00157,32AAIFI0458G1ZN,VOLTLYNC PRIVATE LIMITED,2026-27,f
170,VL/F5/QR/202627/00158,32AAIFI0458G1ZN,VOLTLYNC PRIVATE LIMITED,2026-27,f
171,VL/F5/QR/202627/00159,32AAIFI0458G1ZN,VOLTLYNC PRIVATE LIMITED,2026-27,f
172,VL/F5/QR/202627/00160,32AAIFI0458G1ZN,VOLTLYNC PRIVATE LIMITED,2026-27,f
173,VL/F5/QR/202627/00161,32AAIFI0458G1ZN,VOLTLYNC PRIVATE LIMITED,2026-27,f
174,VL/F5/QR/202627/00162,32AAIFI0458G1ZN,VOLTLYNC PRIVATE LIMITED,2026-27,f
175,VL/F5/QR/202627/00163,32AAIFI0458G1ZN,VOLTLYNC PRIVATE LIMITED,2026-27,f
176,VL/F5/QR/202627/00164,32AAIFI0458G1ZN,VOLTLYNC PRIVATE LIMITED,2026-27,f
177,VL/F5/QR/202627/00165,32AAIFI0458G1ZN,VOLTLYNC PRIVATE LIMITED,2026-27,f
178,VL/F5/QR/202627/00166,32AAIFI0458G1ZN,VOLTLYNC PRIVATE LIMITED,2026-27,t
179,VL/F5/QR/202627/00167,32AAIFI0458G1ZN,VOLTLYNC PRIVATE LIMITED,2026-27,f
180,VL/F5/QR/202627/00168,32AAIFI0458G1ZN,VOLTLYNC PRIVATE LIMITED,2026-27,f
181,VL/F5/QR/202627/00169,32AAIFI0458G1ZN,VOLTLYNC PRIVATE LIMITED,2026-27,f
182,VL/F5/QR/202627/00170,32AAIFI0458G1ZN,VOLTLYNC PRIVATE LIMITED,2026-27,f
183,VL/F5/QR/202627/00171,32AAIFI0458G1ZN,VOLTLYNC PRIVATE LIMITED,2026-27,f
184,VL/F5/QR/202627/00172,32AAIFI0458G1ZN,VOLTLYNC PRIVATE LIMITED,2026-27,f
185,VL/F5/QR/202627/00173,32AAIFI0458G1ZN,VOLTLYNC PRIVATE LIMITED,2026-27,f
186,VL/F5/QR/202627/00174,32AAIFI0458G1ZN,VOLTLYNC PRIVATE LIMITED,2026-27,f
187,VL/F5/QR/202627/00175,32AAIFI0458G1ZN,VOLTLYNC PRIVATE LIMITED,2026-27,f
188,VL/F5/QR/202627/00176,32AAIFI0458G1ZN,VOLTLYNC PRIVATE LIMITED,2026-27,f
189,VL/F5/QR/202627/00177,32AAIFI0458G1ZN,VOLTLYNC PRIVATE LIMITED,2026-27,f
190,VL/F5/QR/202627/00178,32AAIFI0458G1ZN,VOLTLYNC PRIVATE LIMITED,2026-27,f
191,VL/F5/QR/202627/00179,32AAIFI0458G1ZN,VOLTLYNC PRIVATE LIMITED,2026-27,f
192,VL/F5/QR/202627/00180,32AAIFI0458G1ZN,VOLTLYNC PRIVATE LIMITED,2026-27,f
193,VL/F5/QR/202627/00181,32AAIFI0458G1ZN,VOLTLYNC PRIVATE LIMITED,2026-27,f
194,VL/F5/QR/202627/00182,32AAIFI0458G1ZN,VOLTLYNC PRIVATE LIMITED,2026-27,f
195,VL/F5/QR/202627/00183,32AAIFI0458G1ZN,VOLTLYNC PRIVATE LIMITED,2026-27,f
196,VL/F5/QR/202627/00184,32AAIFI0458G1ZN,VOLTLYNC PRIVATE LIMITED,2026-27,f
197,VL/F5/QR/202627/00185,32AAIFI0458G1ZN,VOLTLYNC PRIVATE LIMITED,2026-27,f
198,VL/F5/QR/202627/00186,32AAIFI0458G1ZN,VOLTLYNC PRIVATE LIMITED,2026-27,f
199,VL/F5/QR/202627/00187,32AAIFI0458G1ZN,VOLTLYNC PRIVATE LIMITED,2026-27,f
200,VL/F5/QR/202627/00188,32AAIFI0458G1ZN,VOLTLYNC PRIVATE LIMITED,2026-27,f
201,VL/F5/QR/202627/00189,32AAIFI0458G1ZN,VOLTLYNC PRIVATE LIMITED,2026-27,f
202,VL/F5/QR/202627/00190,32AAIFI0458G1ZN,VOLTLYNC PRIVATE LIMITED,2026-27,f
203,VL/F5/QR/202627/00191,32AAIFI0458G1ZN,VOLTLYNC PRIVATE LIMITED,2026-27,f
204,VL/F5/QR/202627/00192,32AAIFI0458G1ZN,VOLTLYNC PRIVATE LIMITED,2026-27,f
205,VL/F5/QR/202627/00193,32AAIFI0458G1ZN,VOLTLYNC PRIVATE LIMITED,2026-27,f
206,VL/F5/QR/202627/00194,32AAIFI0458G1ZN,VOLTLYNC PRIVATE LIMITED,2026-27,f
207,VL/F5/QR/202627/00195,32AAIFI0458G1ZN,VOLTLYNC PRIVATE LIMITED,2026-27,f
208,VL/F5/QR/202627/00196,32AAIFI0458G1ZN,VOLTLYNC PRIVATE LIMITED,2026-27,f
209,VL/F5/QR/202627/00197,32AAIFI0458G1ZN,VOLTLYNC PRIVATE LIMITED,2026-27,f
210,VL/F5/QR/202627/00198,32AAIFI0458G1ZN,VOLTLYNC PRIVATE LIMITED,2026-27,f
211,VL/F5/QR/202627/00199,32AAIFI0458G1ZN,VOLTLYNC PRIVATE LIMITED,2026-27,f
212,VL/F5/QR/202627/00200,32AAIFI0458G1ZN,VOLTLYNC PRIVATE LIMITED,2026-27,t
213,VL/F5/QR/202627/00201,32AAIFI0458G1ZN,VOLTLYNC PRIVATE LIMITED,2026-27,f
214,VL/F5/QR/202627/00202,32AAIFI0458G1ZN,VOLTLYNC PRIVATE LIMITED,2026-27,f
215,VL/F5/QR/202627/00203,32AAIFI0458G1ZN,VOLTLYNC PRIVATE LIMITED,2026-27,f
216,VL/F5/QR/202627/00204,32AAIFI0458G1ZN,VOLTLYNC PRIVATE LIMITED,2026-27,f
217,VL/F5/QR/202627/00205,32AAIFI0458G1ZN,VOLTLYNC PRIVATE LIMITED,2026-27,f
218,VL/F5/QR/202627/00206,32AAIFI0458G1ZN,VOLTLYNC PRIVATE LIMITED,2026-27,f
219,VL/F5/QR/202627/00207,32AAIFI0458G1ZN,VOLTLYNC PRIVATE LIMITED,2026-27,f
220,VL/F5/QR/202627/00208,32AAIFI0458G1ZN,VOLTLYNC PRIVATE LIMITED,2026-27,f
221,VL/F5/QR/202627/00209,32AAIFI0458G1ZN,VOLTLYNC PRIVATE LIMITED,2026-27,f
222,VL/F5/QR/202627/00210,32AAIFI0458G1ZN,VOLTLYNC PRIVATE LIMITED,2026-27,f
223,VL/F5/QR/202627/00211,32AAIFI0458G1ZN,VOLTLYNC PRIVATE LIMITED,2026-27,f
224,VL/F5/QR/202627/00212,32AAIFI0458G1ZN,VOLTLYNC PRIVATE LIMITED,2026-27,f
225,VL/F5/QR/202627/00213,32AAIFI0458G1ZN,VOLTLYNC PRIVATE LIMITED,2026-27,f
226,VL/F5/QR/202627/00214,32AAIFI0458G1ZN,VOLTLYNC PRIVATE LIMITED,2026-27,f
227,VL/F5/QR/202627/00215,32AAIFI0458G1ZN,VOLTLYNC PRIVATE LIMITED,2026-27,f
228,VL/F5/QR/202627/00216,32AAIFI0458G1ZN,VOLTLYNC PRIVATE LIMITED,2026-27,f
229,VL/F5/QR/202627/00217,32AAIFI0458G1ZN,VOLTLYNC PRIVATE LIMITED,2026-27,f
230,VL/F5/QR/202627/00218,32AAIFI0458G1ZN,VOLTLYNC PRIVATE LIMITED,2026-27,f
231,VL/F5/QR/202627/00219,32AAIFI0458G1ZN,VOLTLYNC PRIVATE LIMITED,2026-27,f
232,VL/F5/QR/202627/00220,32AAIFI0458G1ZN,VOLTLYNC PRIVATE LIMITED,2026-27,f
233,VL/F5/QR/202627/00221,32AAIFI0458G1ZN,VOLTLYNC PRIVATE LIMITED,2026-27,t
234,VL/F5/QR/202627/00222,32AAIFI0458G1ZN,VOLTLYNC PRIVATE LIMITED,2026-27,f
235,VL/F5/QR/202627/00223,32AAIFI0458G1ZN,VOLTLYNC PRIVATE LIMITED,2026-27,f
236,VL/F5/QR/202627/00224,32AAIFI0458G1ZN,VOLTLYNC PRIVATE LIMITED,2026-27,f
237,VL/F5/QR/202627/00225,32AAIFI0458G1ZN,VOLTLYNC PRIVATE LIMITED,2026-27,f
238,VL/F5/QR/202627/00226,32AAIFI0458G1ZN,VOLTLYNC PRIVATE LIMITED,2026-27,f
239,VL/F5/QR/202627/00227,32AAIFI0458G1ZN,VOLTLYNC PRIVATE LIMITED,2026-27,f
240,VL/F5/QR/202627/00228,32AAIFI0458G1ZN,VOLTLYNC PRIVATE LIMITED,2026-27,f
241,VL/F5/QR/202627/00229,32AAIFI0458G1ZN,VOLTLYNC PRIVATE LIMITED,2026-27,f
242,VL/F5/QR/202627/00230,32AAIFI0458G1ZN,VOLTLYNC PRIVATE LIMITED,2026-27,f
243,VL/F5/QR/202627/00231,32AAIFI0458G1ZN,VOLTLYNC PRIVATE LIMITED,2026-27,f
244,VL/F5/QR/202627/00232,32AAIFI0458G1ZN,VOLTLYNC PRIVATE LIMITED,2026-27,f
245,VL/F5/QR/202627/00233,32AAIFI0458G1ZN,VOLTLYNC PRIVATE LIMITED,2026-27,f
246,VL/F5/QR/202627/00234,32AAIFI0458G1ZN,VOLTLYNC PRIVATE LIMITED,2026-27,f
247,VL/F5/QR/202627/00235,32AAIFI0458G1ZN,VOLTLYNC PRIVATE LIMITED,2026-27,f
248,VL/F5/QR/202627/00236,32AAIFI0458G1ZN,VOLTLYNC PRIVATE LIMITED,2026-27,f
249,VL/F5/QR/202627/00237,32AAIFI0458G1ZN,VOLTLYNC PRIVATE LIMITED,2026-27,f
250,VL/F5/QR/202627/00238,32AAIFI0458G1ZN,VOLTLYNC PRIVATE LIMITED,2026-27,f
251,VL/F5/QR/202627/00239,32AAIFI0458G1ZN,VOLTLYNC PRIVATE LIMITED,2026-27,f
252,VL/F5/QR/202627/00240,32AAIFI0458G1ZN,VOLTLYNC PRIVATE LIMITED,2026-27,f
253,VL/F5/QR/202627/00241,32AAIFI0458G1ZN,VOLTLYNC PRIVATE LIMITED,2026-27,f
254,VL/F5/QR/202627/00242,32AAIFI0458G1ZN,VOLTLYNC PRIVATE LIMITED,2026-27,f
255,VL/F5/QR/202627/00243,32AAIFI0458G1ZN,VOLTLYNC PRIVATE LIMITED,2026-27,f
256,VL/F5/QR/202627/00244,32AAIFI0458G1ZN,VOLTLYNC PRIVATE LIMITED,2026-27,f
257,VL/F5/QR/202627/00245,32AAIFI0458G1ZN,VOLTLYNC PRIVATE LIMITED,2026-27,f
258,VL/F5/QR/202627/00246,32AAIFI0458G1ZN,VOLTLYNC PRIVATE LIMITED,2026-27,f
259,VL/F5/QR/202627/00247,32AAIFI0458G1ZN,VOLTLYNC PRIVATE LIMITED,2026-27,f
260,VL/F5/QR/202627/00248,32AAIFI0458G1ZN,VOLTLYNC PRIVATE LIMITED,2026-27,f
261,VL/F5/QR/202627/00249,32AAIFI0458G1ZN,VOLTLYNC PRIVATE LIMITED,2026-27,f
262,VL/F5/QR/202627/00250,32AAIFI0458G1ZN,VOLTLYNC PRIVATE LIMITED,2026-27,f
263,VL/F5/QR/202627/00251,32AAIFI0458G1ZN,VOLTLYNC PRIVATE LIMITED,2026-27,f
264,VL/F5/QR/202627/00252,32AAIFI0458G1ZN,VOLTLYNC PRIVATE LIMITED,2026-27,f
265,VL/F5/QR/202627/00253,32AAIFI0458G1ZN,VOLTLYNC PRIVATE LIMITED,2026-27,t
266,VL/F5/QR/202627/00254,32AAIFI0458G1ZN,VOLTLYNC PRIVATE LIMITED,2026-27,f
267,VL/F5/QR/202627/00255,32AAIFI0458G1ZN,VOLTLYNC PRIVATE LIMITED,2026-27,f
268,VL/F5/QR/202627/00256,32AAIFI0458G1ZN,VOLTLYNC PRIVATE LIMITED,2026-27,f
269,VL/F5/QR/202627/00257,32AAIFI0458G1ZN,VOLTLYNC PRIVATE LIMITED,2026-27,f
270,VL/F5/QR/202627/00258,32AAIFI0458G1ZN,VOLTLYNC PRIVATE LIMITED,2026-27,f
271,VL/F5/QR/202627/00259,32AAIFI0458G1ZN,VOLTLYNC PRIVATE LIMITED,2026-27,t
272,VL/F5/QR/202627/00260,32AAIFI0458G1ZN,VOLTLYNC PRIVATE LIMITED,2026-27,f
273,VL/F5/QR/202627/00261,32AAIFI0458G1ZN,VOLTLYNC PRIVATE LIMITED,2026-27,f
274,VL/F5/QR/202627/00262,32AAIFI0458G1ZN,VOLTLYNC PRIVATE LIMITED,2026-27,f
275,VL/F5/QR/202627/00263,32AAIFI0458G1ZN,VOLTLYNC PRIVATE LIMITED,2026-27,f
276,VL/F5/QR/202627/00264,32AAIFI0458G1ZN,VOLTLYNC PRIVATE LIMITED,2026-27,f
277,VL/F5/QR/202627/00265,32AAIFI0458G1ZN,VOLTLYNC PRIVATE LIMITED,2026-27,f
278,VL/F5/QR/202627/00266,32AAIFI0458G1ZN,VOLTLYNC PRIVATE LIMITED,2026-27,f
279,VL/F5/QR/202627/00267,32AAIFI0458G1ZN,VOLTLYNC PRIVATE LIMITED,2026-27,f
280,VL/F5/QR/202627/00268,32AAIFI0458G1ZN,VOLTLYNC PRIVATE LIMITED,2026-27,f
281,VL/F5/QR/202627/00269,32AAIFI0458G1ZN,VOLTLYNC PRIVATE LIMITED,2026-27,f
282,VL/F5/QR/202627/00270,32AAIFI0458G1ZN,VOLTLYNC PRIVATE LIMITED,2026-27,f
283,VL/F5/QR/202627/00271,32AAIFI0458G1ZN,VOLTLYNC PRIVATE LIMITED,2026-27,f
284,VL/F5/QR/202627/00272,32AAIFI0458G1ZN,VOLTLYNC PRIVATE LIMITED,2026-27,f
285,VL/F5/QR/202627/00273,32AAIFI0458G1ZN,VOLTLYNC PRIVATE LIMITED,2026-27,f
286,VL/F5/QR/202627/00274,32AAIFI0458G1ZN,VOLTLYNC PRIVATE LIMITED,2026-27,f
287,VL/F5/QR/202627/00275,32AAIFI0458G1ZN,VOLTLYNC PRIVATE LIMITED,2026-27,f
288,VL/F5/QR/202627/00276,32AAIFI0458G1ZN,VOLTLYNC PRIVATE LIMITED,2026-27,f
289,VL/F5/QR/202627/00277,32AAIFI0458G1ZN,VOLTLYNC PRIVATE LIMITED,2026-27,f
290,VL/F5/QR/202627/00278,32AAIFI0458G1ZN,VOLTLYNC PRIVATE LIMITED,2026-27,f
291,VL/F5/QR/202627/00279,32AAIFI0458G1ZN,VOLTLYNC PRIVATE LIMITED,2026-27,f
292,VL/F5/QR/202627/00280,32AAIFI0458G1ZN,VOLTLYNC PRIVATE LIMITED,2026-27,f
293,VL/F5/QR/202627/00281,32AAIFI0458G1ZN,VOLTLYNC PRIVATE LIMITED,2026-27,f
294,VL/F5/QR/202627/00282,32AAIFI0458G1ZN,VOLTLYNC PRIVATE LIMITED,2026-27,f
295,VL/F5/QR/202627/00283,32AAIFI0458G1ZN,VOLTLYNC PRIVATE LIMITED,2026-27,f
296,VL/F5/QR/202627/00284,32AAIFI0458G1ZN,VOLTLYNC PRIVATE LIMITED,2026-27,f
297,VL/F5/QR/202627/00285,32AAIFI0458G1ZN,VOLTLYNC PRIVATE LIMITED,2026-27,f
298,VL/F5/QR/202627/00286,32AAIFI0458G1ZN,VOLTLYNC PRIVATE LIMITED,2026-27,f
299,VL/F5/QR/202627/00287,32AAIFI0458G1ZN,VOLTLYNC PRIVATE LIMITED,2026-27,f
300,VL/F5/QR/202627/00288,32AAIFI0458G1ZN,VOLTLYNC PRIVATE LIMITED,2026-27,t
301,VL/F5/QR/202627/00289,32AAIFI0458G1ZN,VOLTLYNC PRIVATE LIMITED,2026-27,f
302,VL/F5/QR/202627/00290,32AAIFI0458G1ZN,VOLTLYNC PRIVATE LIMITED,2026-27,f
303,VL/F5/QR/202627/00291,32AAIFI0458G1ZN,VOLTLYNC PRIVATE LIMITED,2026-27,f
304,VL/F5/QR/202627/00292,32AAIFI0458G1ZN,VOLTLYNC PRIVATE LIMITED,2026-27,f
305,VL/F5/QR/202627/00293,32AAIFI0458G1ZN,VOLTLYNC PRIVATE LIMITED,2026-27,f
306,VL/F5/QR/202627/00294,32AAIFI0458G1ZN,VOLTLYNC PRIVATE LIMITED,2026-27,f
307,VL/F5/QR/202627/00295,32AAIFI0458G1ZN,VOLTLYNC PRIVATE LIMITED,2026-27,f
308,VL/F5/QR/202627/00296,32AAIFI0458G1ZN,VOLTLYNC PRIVATE LIMITED,2026-27,f
309,VL/F5/QR/202627/00297,32AAIFI0458G1ZN,VOLTLYNC PRIVATE LIMITED,2026-27,f
310,VL/F5/QR/202627/00298,32AAIFI0458G1ZN,VOLTLYNC PRIVATE LIMITED,2026-27,f
311,VL/F5/QR/202627/00299,32AAIFI0458G1ZN,VOLTLYNC PRIVATE LIMITED,2026-27,f
312,VL/F5/QR/202627/00300,32AAIFI0458G1ZN,VOLTLYNC PRIVATE LIMITED,2026-27,f
313,VL/F5/QR/202627/00301,32AAIFI0458G1ZN,VOLTLYNC PRIVATE LIMITED,2026-27,f
314,VL/F5/QR/202627/00302,32AAIFI0458G1ZN,VOLTLYNC PRIVATE LIMITED,2026-27,f
315,VL/F5/QR/202627/00303,32AAIFI0458G1ZN,VOLTLYNC PRIVATE LIMITED,2026-27,f
316,VL/F5/QR/202627/00304,32AAIFI0458G1ZN,VOLTLYNC PRIVATE LIMITED,2026-27,f
317,VL/F5/QR/202627/00305,32AAIFI0458G1ZN,VOLTLYNC PRIVATE LIMITED,2026-27,f
318,VL/F5/QR/202627/00306,32AAIFI0458G1ZN,VOLTLYNC PRIVATE LIMITED,2026-27,f
319,VL/F5/QR/202627/00307,32AAIFI0458G1ZN,VOLTLYNC PRIVATE LIMITED,2026-27,f
320,VL/F5/QR/202627/00308,32AAIFI0458G1ZN,VOLTLYNC PRIVATE LIMITED,2026-27,f
321,VL/F5/QR/202627/00309,32AAIFI0458G1ZN,VOLTLYNC PRIVATE LIMITED,2026-27,f
322,VL/F5/QR/202627/00310,32AAIFI0458G1ZN,VOLTLYNC PRIVATE LIMITED,2026-27,f
323,VL/F5/QR/202627/00311,32AAIFI0458G1ZN,VOLTLYNC PRIVATE LIMITED,2026-27,f
324,VL/F5/QR/202627/00312,32AAIFI0458G1ZN,VOLTLYNC PRIVATE LIMITED,2026-27,f
325,VL/F5/QR/202627/00313,32AAIFI0458G1ZN,VOLTLYNC PRIVATE LIMITED,2026-27,f
326,VL/F5/QR/202627/00314,32AAIFI0458G1ZN,VOLTLYNC PRIVATE LIMITED,2026-27,f
327,VL/F5/QR/202627/00315,32AAIFI0458G1ZN,VOLTLYNC PRIVATE LIMITED,2026-27,f
328,VL/F5/QR/202627/00316,32AAIFI0458G1ZN,VOLTLYNC PRIVATE LIMITED,2026-27,f
329,VL/F5/QR/202627/00317,32AAIFI0458G1ZN,VOLTLYNC PRIVATE LIMITED,2026-27,f
330,VL/F5/QR/202627/00318,32AAIFI0458G1ZN,VOLTLYNC PRIVATE LIMITED,2026-27,f
331,VL/F5/QR/202627/00319,32AAIFI0458G1ZN,VOLTLYNC PRIVATE LIMITED,2026-27,f
332,VL/F5/QR/202627/00320,32AAIFI0458G1ZN,VOLTLYNC PRIVATE LIMITED,2026-27,f
333,VL/F5/QR/202627/00321,32AAIFI0458G1ZN,VOLTLYNC PRIVATE LIMITED,2026-27,f
334,VL/F5/QR/202627/00322,32AAIFI0458G1ZN,VOLTLYNC PRIVATE LIMITED,2026-27,f
335,VL/F5/QR/202627/00323,32AAIFI0458G1ZN,VOLTLYNC PRIVATE LIMITED,2026-27,f
336,VL/F5/QR/202627/00324,32AAIFI0458G1ZN,VOLTLYNC PRIVATE LIMITED,2026-27,f
337,VL/F5/QR/202627/00325,32AAIFI0458G1ZN,VOLTLYNC PRIVATE LIMITED,2026-27,f
338,VL/F5/QR/202627/00326,32AAIFI0458G1ZN,VOLTLYNC PRIVATE LIMITED,2026-27,f
339,VL/F5/QR/202627/00327,32AAIFI0458G1ZN,VOLTLYNC PRIVATE LIMITED,2026-27,f
340,VL/F5/QR/202627/00328,32AAIFI0458G1ZN,VOLTLYNC PRIVATE LIMITED,2026-27,f
341,VL/F5/QR/202627/00329,32AAIFI0458G1ZN,VOLTLYNC PRIVATE LIMITED,2026-27,f
342,VL/F5/QR/202627/00330,32AAIFI0458G1ZN,VOLTLYNC PRIVATE LIMITED,2026-27,f
343,VL/F5/QR/202627/00331,32AAIFI0458G1ZN,VOLTLYNC PRIVATE LIMITED,2026-27,f
344,VL/F5/QR/202627/00332,32AAIFI0458G1ZN,VOLTLYNC PRIVATE LIMITED,2026-27,f
345,VL/F5/QR/202627/00333,32AAIFI0458G1ZN,VOLTLYNC PRIVATE LIMITED,2026-27,f
346,VL/F5/QR/202627/00334,32AAIFI0458G1ZN,VOLTLYNC PRIVATE LIMITED,2026-27,f
347,VL/F5/QR/202627/00335,32AAIFI0458G1ZN,VOLTLYNC PRIVATE LIMITED,2026-27,f
348,VL/F5/QR/202627/00336,32AAIFI0458G1ZN,VOLTLYNC PRIVATE LIMITED,2026-27,f
349,VL/F5/QR/202627/00337,32AAIFI0458G1ZN,VOLTLYNC PRIVATE LIMITED,2026-27,f
350,VL/F5/QR/202627/00338,32AAIFI0458G1ZN,VOLTLYNC PRIVATE LIMITED,2026-27,f
351,VL/F5/QR/202627/00339,32AAIFI0458G1ZN,VOLTLYNC PRIVATE LIMITED,2026-27,f
352,VL/F5/QR/202627/00340,32AAIFI0458G1ZN,VOLTLYNC PRIVATE LIMITED,2026-27,f
353,VL/F5/QR/202627/00341,32AAIFI0458G1ZN,VOLTLYNC PRIVATE LIMITED,2026-27,f
354,VL/F5/QR/202627/00342,32AAIFI0458G1ZN,VOLTLYNC PRIVATE LIMITED,2026-27,f
355,VL/F5/QR/202627/00343,32AAIFI0458G1ZN,VOLTLYNC PRIVATE LIMITED,2026-27,f
356,VL/F5/QR/202627/00344,32AAIFI0458G1ZN,VOLTLYNC PRIVATE LIMITED,2026-27,f
357,VL/F5/QR/202627/00345,32AAIFI0458G1ZN,VOLTLYNC PRIVATE LIMITED,2026-27,f
358,VL/F5/QR/202627/00346,32AAIFI0458G1ZN,VOLTLYNC PRIVATE LIMITED,2026-27,f
359,VL/F5/QR/202627/00347,32AAIFI0458G1ZN,VOLTLYNC PRIVATE LIMITED,2026-27,f
360,VL/F5/QR/202627/00348,32AAIFI0458G1ZN,VOLTLYNC PRIVATE LIMITED,2026-27,f
361,VL/F5/QR/202627/00349,32AAIFI0458G1ZN,VOLTLYNC PRIVATE LIMITED,2026-27,f
362,VL/F5/QR/202627/00350,32AAIFI0458G1ZN,VOLTLYNC PRIVATE LIMITED,2026-27,f
363,VL/F5/QR/202627/00351,32AAIFI0458G1ZN,VOLTLYNC PRIVATE LIMITED,2026-27,f
364,VL/F5/QR/202627/00352,32AAIFI0458G1ZN,VOLTLYNC PRIVATE LIMITED,2026-27,f
365,VL/F5/QR/202627/00353,32AAIFI0458G1ZN,VOLTLYNC PRIVATE LIMITED,2026-27,f
366,VL/F5/QR/202627/00354,32AAIFI0458G1ZN,VOLTLYNC PRIVATE LIMITED,2026-27,f
367,VL/F5/QR/202627/00355,32AAIFI0458G1ZN,VOLTLYNC PRIVATE LIMITED,2026-27,f
368,VL/F5/QR/202627/00356,32AAIFI0458G1ZN,VOLTLYNC PRIVATE LIMITED,2026-27,f
369,VL/F5/QR/202627/00357,32AAIFI0458G1ZN,VOLTLYNC PRIVATE LIMITED,2026-27,f
370,VL/F5/QR/202627/00358,32AAIFI0458G1ZN,VOLTLYNC PRIVATE LIMITED,2026-27,f
371,VL/F5/QR/202627/00359,32AAIFI0458G1ZN,VOLTLYNC PRIVATE LIMITED,2026-27,f
372,VL/F5/QR/202627/00360,32AAIFI0458G1ZN,VOLTLYNC PRIVATE LIMITED,2026-27,f
373,VL/F5/QR/202627/00361,32AAIFI0458G1ZN,VOLTLYNC PRIVATE LIMITED,2026-27,f
374,VL/F5/QR/202627/00362,32AAIFI0458G1ZN,VOLTLYNC PRIVATE LIMITED,2026-27,f
375,VL/F5/QR/202627/00363,32AAIFI0458G1ZN,VOLTLYNC PRIVATE LIMITED,2026-27,f
376,VL/F5/QR/202627/00364,32AAIFI0458G1ZN,VOLTLYNC PRIVATE LIMITED,2026-27,f
377,VL/F5/QR/202627/00365,32AAIFI0458G1ZN,VOLTLYNC PRIVATE LIMITED,2026-27,f
378,VL/F5/QR/202627/00366,32AAIFI0458G1ZN,VOLTLYNC PRIVATE LIMITED,2026-27,f
379,VL/F5/QR/202627/00367,32AAIFI0458G1ZN,VOLTLYNC PRIVATE LIMITED,2026-27,f
380,VL/F5/QR/202627/00368,32AAIFI0458G1ZN,VOLTLYNC PRIVATE LIMITED,2026-27,f
381,VL/F5/QR/202627/00369,32AAIFI0458G1ZN,VOLTLYNC PRIVATE LIMITED,2026-27,f
382,VL/F5/QR/202627/00370,32AAIFI0458G1ZN,VOLTLYNC PRIVATE LIMITED,2026-27,f
383,VL/F5/QR/202627/00371,32AAIFI0458G1ZN,VOLTLYNC PRIVATE LIMITED,2026-27,f
384,VL/F5/QR/202627/00372,32AAIFI0458G1ZN,VOLTLYNC PRIVATE LIMITED,2026-27,f
385,VL/F5/QR/202627/00373,32AAIFI0458G1ZN,VOLTLYNC PRIVATE LIMITED,2026-27,f
386,VL/F5/QR/202627/00374,32AAIFI0458G1ZN,VOLTLYNC PRIVATE LIMITED,2026-27,f
387,VL/F5/QR/202627/00375,32AAIFI0458G1ZN,VOLTLYNC PRIVATE LIMITED,2026-27,f
388,VL/F5/QR/202627/00376,32AAIFI0458G1ZN,VOLTLYNC PRIVATE LIMITED,2026-27,f
389,VL/F5/QR/202627/00377,32AAIFI0458G1ZN,VOLTLYNC PRIVATE LIMITED,2026-27,f
390,VL/F5/QR/202627/00378,32AAIFI0458G1ZN,VOLTLYNC PRIVATE LIMITED,2026-27,f
391,VL/F5/QR/202627/00379,32AAIFI0458G1ZN,VOLTLYNC PRIVATE LIMITED,2026-27,f
392,VL/F5/QR/202627/00380,32AAIFI0458G1ZN,VOLTLYNC PRIVATE LIMITED,2026-27,f
393,VL/F5/QR/202627/00381,32AAIFI0458G1ZN,VOLTLYNC PRIVATE LIMITED,2026-27,f
394,VL/F5/QR/202627/00382,32AAIFI0458G1ZN,VOLTLYNC PRIVATE LIMITED,2026-27,f
395,VL/F5/QR/202627/00383,32AAIFI0458G1ZN,VOLTLYNC PRIVATE LIMITED,2026-27,f
396,VL/F5/QR/202627/00384,32AAIFI0458G1ZN,VOLTLYNC PRIVATE LIMITED,2026-27,f
397,VL/F5/QR/202627/00385,32AAIFI0458G1ZN,VOLTLYNC PRIVATE LIMITED,2026-27,f
398,VL/F5/QR/202627/00386,32AAIFI0458G1ZN,VOLTLYNC PRIVATE LIMITED,2026-27,f
399,VL/F5/QR/202627/00387,32AAIFI0458G1ZN,VOLTLYNC PRIVATE LIMITED,2026-27,f
400,VL/F5/QR/202627/00388,32AAIFI0458G1ZN,VOLTLYNC PRIVATE LIMITED,2026-27,f
401,VL/F5/QR/202627/00389,32AAIFI0458G1ZN,VOLTLYNC PRIVATE LIMITED,2026-27,f
402,VL/F5/QR/202627/00390,32AAIFI0458G1ZN,VOLTLYNC PRIVATE LIMITED,2026-27,f
403,VL/F5/QR/202627/00391,32AAIFI0458G1ZN,VOLTLYNC PRIVATE LIMITED,2026-27,f
404,VL/F5/QR/202627/00392,32AAIFI0458G1ZN,VOLTLYNC PRIVATE LIMITED,2026-27,f
405,VL/F5/QR/202627/00393,32AAIFI0458G1ZN,VOLTLYNC PRIVATE LIMITED,2026-27,f
406,VL/F5/QR/202627/00394,32AAIFI0458G1ZN,VOLTLYNC PRIVATE LIMITED,2026-27,f
407,VL/F5/QR/202627/00395,32AAIFI0458G1ZN,VOLTLYNC PRIVATE LIMITED,2026-27,f
408,VL/F5/QR/202627/00396,32AAIFI0458G1ZN,VOLTLYNC PRIVATE LIMITED,2026-27,f
409,VL/F5/QR/202627/00397,32AAIFI0458G1ZN,VOLTLYNC PRIVATE LIMITED,2026-27,t
410,VL/F5/QR/202627/00398,32AAIFI0458G1ZN,VOLTLYNC PRIVATE LIMITED,2026-27,f
411,VL/F5/QR/202627/00399,32AAIFI0458G1ZN,VOLTLYNC PRIVATE LIMITED,2026-27,f
412,VL/F5/QR/202627/00400,32AAIFI0458G1ZN,VOLTLYNC PRIVATE LIMITED,2026-27,t
413,VL/F5/QR/202627/00401,32AAIFI0458G1ZN,VOLTLYNC PRIVATE LIMITED,2026-27,f
414,VL/F5/QR/202627/00402,32AAIFI0458G1ZN,VOLTLYNC PRIVATE LIMITED,2026-27,t
415,VL/F5/QR/202627/00403,32AAIFI0458G1ZN,VOLTLYNC PRIVATE LIMITED,2026-27,f
416,VL/F5/QR/202627/00404,32AAIFI0458G1ZN,VOLTLYNC PRIVATE LIMITED,2026-27,f
417,VL/F5/QR/202627/00405,32AAIFI0458G1ZN,VOLTLYNC PRIVATE LIMITED,2026-27,f
418,VL/F5/QR/202627/00406,32AAIFI0458G1ZN,VOLTLYNC PRIVATE LIMITED,2026-27,f
419,VL/F5/QR/202627/00407,32AAIFI0458G1ZN,VOLTLYNC PRIVATE LIMITED,2026-27,f
420,VL/F5/QR/202627/00408,32AAIFI0458G1ZN,VOLTLYNC PRIVATE LIMITED,2026-27,f
421,VL/F5/QR/202627/00409,32AAIFI0458G1ZN,VOLTLYNC PRIVATE LIMITED,2026-27,f
422,VL/F5/QR/202627/00410,32AAIFI0458G1ZN,VOLTLYNC PRIVATE LIMITED,2026-27,f
423,VL/F5/QR/202627/00411,32AAIFI0458G1ZN,VOLTLYNC PRIVATE LIMITED,2026-27,f
424,VL/F5/QR/202627/00412,32AAIFI0458G1ZN,VOLTLYNC PRIVATE LIMITED,2026-27,f
425,VL/F5/QR/202627/00413,32AAIFI0458G1ZN,VOLTLYNC PRIVATE LIMITED,2026-27,f
426,VL/F5/QR/202627/00414,32AAIFI0458G1ZN,VOLTLYNC PRIVATE LIMITED,2026-27,f
427,VL/F5/QR/202627/00415,32AAIFI0458G1ZN,VOLTLYNC PRIVATE LIMITED,2026-27,f
428,VL/F5/QR/202627/00416,32AAIFI0458G1ZN,VOLTLYNC PRIVATE LIMITED,2026-27,f
429,VL/F5/QR/202627/00417,32AAIFI0458G1ZN,VOLTLYNC PRIVATE LIMITED,2026-27,f
430,VL/F5/QR/202627/00418,32AAIFI0458G1ZN,VOLTLYNC PRIVATE LIMITED,2026-27,f
431,VL/F5/QR/202627/00419,32AAIFI0458G1ZN,VOLTLYNC PRIVATE LIMITED,2026-27,f
432,VL/F5/QR/202627/00420,32AAIFI0458G1ZN,VOLTLYNC PRIVATE LIMITED,2026-27,f
433,VL/F5/QR/202627/00421,32AAIFI0458G1ZN,VOLTLYNC PRIVATE LIMITED,2026-27,f
434,VL/F5/QR/202627/00422,32AAIFI0458G1ZN,VOLTLYNC PRIVATE LIMITED,2026-27,f
435,VL/F5/QR/202627/00423,32AAIFI0458G1ZN,VOLTLYNC PRIVATE LIMITED,2026-27,f
436,VL/F5/QR/202627/00424,32AAIFI0458G1ZN,VOLTLYNC PRIVATE LIMITED,2026-27,f
437,VL/F5/QR/202627/00425,32AAIFI0458G1ZN,VOLTLYNC PRIVATE LIMITED,2026-27,f
438,VL/F5/QR/202627/00426,32AAIFI0458G1ZN,VOLTLYNC PRIVATE LIMITED,2026-27,f
439,VL/F5/QR/202627/00427,32AAIFI0458G1ZN,VOLTLYNC PRIVATE LIMITED,2026-27,f
440,VL/F5/QR/202627/00428,32AAIFI0458G1ZN,VOLTLYNC PRIVATE LIMITED,2026-27,f
441,VL/F5/QR/202627/00429,32AAIFI0458G1ZN,VOLTLYNC PRIVATE LIMITED,2026-27,f
442,VL/F5/QR/202627/00430,32AAIFI0458G1ZN,VOLTLYNC PRIVATE LIMITED,2026-27,f
443,VL/F5/QR/202627/00431,32AAIFI0458G1ZN,VOLTLYNC PRIVATE LIMITED,2026-27,f
444,VL/F5/QR/202627/00432,32AAIFI0458G1ZN,VOLTLYNC PRIVATE LIMITED,2026-27,f
445,VL/F5/QR/202627/00433,32AAIFI0458G1ZN,VOLTLYNC PRIVATE LIMITED,2026-27,f
446,VL/F5/QR/202627/00434,32AAIFI0458G1ZN,VOLTLYNC PRIVATE LIMITED,2026-27,f
447,VL/F5/QR/202627/00435,32AAIFI0458G1ZN,VOLTLYNC PRIVATE LIMITED,2026-27,f
448,VL/F5/QR/202627/00436,32AAIFI0458G1ZN,VOLTLYNC PRIVATE LIMITED,2026-27,f
449,VL/F5/QR/202627/00437,32AAIFI0458G1ZN,VOLTLYNC PRIVATE LIMITED,2026-27,f
450,VL/F5/QR/202627/00438,32AAIFI0458G1ZN,VOLTLYNC PRIVATE LIMITED,2026-27,f
451,VL/F5/QR/202627/00439,32AAIFI0458G1ZN,VOLTLYNC PRIVATE LIMITED,2026-27,f
452,VL/F5/QR/202627/00440,32AAIFI0458G1ZN,VOLTLYNC PRIVATE LIMITED,2026-27,f
453,VL/F5/QR/202627/00441,32AAIFI0458G1ZN,VOLTLYNC PRIVATE LIMITED,2026-27,f
454,VL/F5/QR/202627/00442,32AAIFI0458G1ZN,VOLTLYNC PRIVATE LIMITED,2026-27,f
455,VL/F5/QR/202627/00443,32AAIFI0458G1ZN,VOLTLYNC PRIVATE LIMITED,2026-27,f
456,VL/F5/QR/202627/00444,32AAIFI0458G1ZN,VOLTLYNC PRIVATE LIMITED,2026-27,f
457,VL/F5/QR/202627/00445,32AAIFI0458G1ZN,VOLTLYNC PRIVATE LIMITED,2026-27,f
458,VL/F5/QR/202627/00446,32AAIFI0458G1ZN,VOLTLYNC PRIVATE LIMITED,2026-27,f
459,VL/F5/QR/202627/00447,32AAIFI0458G1ZN,VOLTLYNC PRIVATE LIMITED,2026-27,f
460,VL/F5/QR/202627/00448,32AAIFI0458G1ZN,VOLTLYNC PRIVATE LIMITED,2026-27,f
461,VL/F5/QR/202627/00449,32AAIFI0458G1ZN,VOLTLYNC PRIVATE LIMITED,2026-27,f
462,VL/F5/QR/202627/00450,32AAIFI0458G1ZN,VOLTLYNC PRIVATE LIMITED,2026-27,f
463,VL/F5/QR/202627/00451,32AAIFI0458G1ZN,VOLTLYNC PRIVATE LIMITED,2026-27,f
464,VL/F5/QR/202627/00452,32AAIFI0458G1ZN,VOLTLYNC PRIVATE LIMITED,2026-27,f
465,VL/F5/QR/202627/00453,32AAIFI0458G1ZN,VOLTLYNC PRIVATE LIMITED,2026-27,f
466,VL/F5/QR/202627/00454,32AAIFI0458G1ZN,VOLTLYNC PRIVATE LIMITED,2026-27,f
467,VL/F5/QR/202627/00455,32AAIFI0458G1ZN,VOLTLYNC PRIVATE LIMITED,2026-27,f
468,VL/F5/QR/202627/00456,32AAIFI0458G1ZN,VOLTLYNC PRIVATE LIMITED,2026-27,f
469,VL/F5/QR/202627/00457,32AAIFI0458G1ZN,VOLTLYNC PRIVATE LIMITED,2026-27,f
470,VL/F5/QR/202627/00458,32AAIFI0458G1ZN,VOLTLYNC PRIVATE LIMITED,2026-27,f
471,VL/F5/QR/202627/00459,32AAIFI0458G1ZN,VOLTLYNC PRIVATE LIMITED,2026-27,f
472,VL/F5/QR/202627/00460,32AAIFI0458G1ZN,VOLTLYNC PRIVATE LIMITED,2026-27,f
473,VL/F5/QR/202627/00461,32AAIFI0458G1ZN,VOLTLYNC PRIVATE LIMITED,2026-27,f
474,VL/F5/QR/202627/00462,32AAIFI0458G1ZN,VOLTLYNC PRIVATE LIMITED,2026-27,f
475,VL/F5/QR/202627/00463,32AAIFI0458G1ZN,VOLTLYNC PRIVATE LIMITED,2026-27,f
476,VL/F5/QR/202627/00464,32AAIFI0458G1ZN,VOLTLYNC PRIVATE LIMITED,2026-27,f
477,VL/F5/QR/202627/00465,32AAIFI0458G1ZN,VOLTLYNC PRIVATE LIMITED,2026-27,f
478,VL/F5/QR/202627/00466,32AAIFI0458G1ZN,VOLTLYNC PRIVATE LIMITED,2026-27,f
479,VL/F5/QR/202627/00467,32AAIFI0458G1ZN,VOLTLYNC PRIVATE LIMITED,2026-27,f
480,VL/F5/QR/202627/00468,32AAIFI0458G1ZN,VOLTLYNC PRIVATE LIMITED,2026-27,f
481,VL/F5/QR/202627/00469,32AAIFI0458G1ZN,VOLTLYNC PRIVATE LIMITED,2026-27,f
482,VL/F5/QR/202627/00470,32AAIFI0458G1ZN,VOLTLYNC PRIVATE LIMITED,2026-27,f
483,VL/F5/QR/202627/00471,32AAIFI0458G1ZN,VOLTLYNC PRIVATE LIMITED,2026-27,f
484,VL/F5/QR/202627/00472,32AAIFI0458G1ZN,VOLTLYNC PRIVATE LIMITED,2026-27,f
485,VL/F5/QR/202627/00473,32AAIFI0458G1ZN,VOLTLYNC PRIVATE LIMITED,2026-27,f
486,VL/F5/QR/202627/00474,32AAIFI0458G1ZN,VOLTLYNC PRIVATE LIMITED,2026-27,f
487,VL/F5/QR/202627/00475,32AAIFI0458G1ZN,VOLTLYNC PRIVATE LIMITED,2026-27,f
488,VL/F5/QR/202627/00476,32AAIFI0458G1ZN,VOLTLYNC PRIVATE LIMITED,2026-27,f
489,VL/F5/QR/202627/00477,32AAIFI0458G1ZN,VOLTLYNC PRIVATE LIMITED,2026-27,f
490,VL/F5/QR/202627/00478,32AAIFI0458G1ZN,VOLTLYNC PRIVATE LIMITED,2026-27,f
491,VL/F5/QR/202627/00479,32AAIFI0458G1ZN,VOLTLYNC PRIVATE LIMITED,2026-27,f
492,VL/F5/QR/202627/00480,32AAIFI0458G1ZN,VOLTLYNC PRIVATE LIMITED,2026-27,f
493,VL/F5/QR/202627/00481,32AAIFI0458G1ZN,VOLTLYNC PRIVATE LIMITED,2026-27,f
494,VL/F5/QR/202627/00482,32AAIFI0458G1ZN,VOLTLYNC PRIVATE LIMITED,2026-27,f
495,VL/F5/QR/202627/00483,32AAIFI0458G1ZN,VOLTLYNC PRIVATE LIMITED,2026-27,f
496,VL/F5/QR/202627/00484,32AAIFI0458G1ZN,VOLTLYNC PRIVATE LIMITED,2026-27,f
497,VL/F5/QR/202627/00485,32AAIFI0458G1ZN,VOLTLYNC PRIVATE LIMITED,2026-27,f
498,VL/F5/QR/202627/00486,32AAIFI0458G1ZN,VOLTLYNC PRIVATE LIMITED,2026-27,f
499,VL/F5/QR/202627/00487,32AAIFI0458G1ZN,VOLTLYNC PRIVATE LIMITED,2026-27,f
500,VL/F5/QR/202627/00488,32AAIFI0458G1ZN,VOLTLYNC PRIVATE LIMITED,2026-27,f
501,VL/F5/QR/202627/00489,32AAIFI0458G1ZN,VOLTLYNC PRIVATE LIMITED,2026-27,f
502,VL/F5/QR/202627/00490,32AAIFI0458G1ZN,VOLTLYNC PRIVATE LIMITED,2026-27,f
503,VL/F5/QR/202627/00491,32AAIFI0458G1ZN,VOLTLYNC PRIVATE LIMITED,2026-27,t
504,VL/F5/QR/202627/00492,32AAIFI0458G1ZN,VOLTLYNC PRIVATE LIMITED,2026-27,f
505,VL/F5/QR/202627/00493,32AAIFI0458G1ZN,VOLTLYNC PRIVATE LIMITED,2026-27,f
506,VL/F5/QR/202627/00494,32AAIFI0458G1ZN,VOLTLYNC PRIVATE LIMITED,2026-27,f
507,VL/F5/QR/202627/00495,32AAIFI0458G1ZN,VOLTLYNC PRIVATE LIMITED,2026-27,f
508,VL/F5/QR/202627/00496,32AAIFI0458G1ZN,VOLTLYNC PRIVATE LIMITED,2026-27,f
509,VL/F5/QR/202627/00497,32AAIFI0458G1ZN,VOLTLYNC PRIVATE LIMITED,2026-27,f
510,VL/F5/QR/202627/00498,32AAIFI0458G1ZN,VOLTLYNC PRIVATE LIMITED,2026-27,f
511,VL/F5/QR/202627/00499,32AAIFI0458G1ZN,VOLTLYNC PRIVATE LIMITED,2026-27,f
512,VL/F5/QR/202627/00500,32AAIFI0458G1ZN,VOLTLYNC PRIVATE LIMITED,2026-27,f
513,VL/F5/QR/202627/00501,32AAIFI0458G1ZN,VOLTLYNC PRIVATE LIMITED,2026-27,f
514,VL/F5/QR/202627/00502,32AAIFI0458G1ZN,VOLTLYNC PRIVATE LIMITED,2026-27,f
515,VL/F5/QR/202627/00503,32AAIFI0458G1ZN,VOLTLYNC PRIVATE LIMITED,2026-27,f
516,VL/F5/QR/202627/00504,32AAIFI0458G1ZN,VOLTLYNC PRIVATE LIMITED,2026-27,f
517,VL/F5/QR/202627/00505,32AAIFI0458G1ZN,VOLTLYNC PRIVATE LIMITED,2026-27,f
518,VL/F5/QR/202627/00506,32AAIFI0458G1ZN,VOLTLYNC PRIVATE LIMITED,2026-27,f
519,VL/F5/QR/202627/00507,32AAIFI0458G1ZN,VOLTLYNC PRIVATE LIMITED,2026-27,f
520,VL/F5/QR/202627/00508,32AAIFI0458G1ZN,VOLTLYNC PRIVATE LIMITED,2026-27,t
521,VL/F5/QR/202627/00509,32AAIFI0458G1ZN,VOLTLYNC PRIVATE LIMITED,2026-27,f
522,VL/F5/QR/202627/00510,32AAIFI0458G1ZN,VOLTLYNC PRIVATE LIMITED,2026-27,f
523,VL/F5/QR/202627/00511,32AAIFI0458G1ZN,VOLTLYNC PRIVATE LIMITED,2026-27,f
524,VL/F5/QR/202627/00512,32AAIFI0458G1ZN,VOLTLYNC PRIVATE LIMITED,2026-27,f
525,VL/F5/QR/202627/00513,32AAIFI0458G1ZN,VOLTLYNC PRIVATE LIMITED,2026-27,f
526,VL/F5/QR/202627/00514,32AAIFI0458G1ZN,VOLTLYNC PRIVATE LIMITED,2026-27,f
527,VL/F5/QR/202627/00515,32AAIFI0458G1ZN,VOLTLYNC PRIVATE LIMITED,2026-27,f
528,VL/F5/QR/202627/00516,32AAIFI0458G1ZN,VOLTLYNC PRIVATE LIMITED,2026-27,f
529,VL/F5/QR/202627/00517,32AAIFI0458G1ZN,VOLTLYNC PRIVATE LIMITED,2026-27,f
530,VL/F5/QR/202627/00518,32AAIFI0458G1ZN,VOLTLYNC PRIVATE LIMITED,2026-27,f
531,VL/F5/QR/202627/00519,32AAIFI0458G1ZN,VOLTLYNC PRIVATE LIMITED,2026-27,f
532,VL/F5/QR/202627/00520,32AAIFI0458G1ZN,VOLTLYNC PRIVATE LIMITED,2026-27,f
533,VL/F5/QR/202627/00521,32AAIFI0458G1ZN,VOLTLYNC PRIVATE LIMITED,2026-27,f
534,VL/F5/QR/202627/00522,32AAIFI0458G1ZN,VOLTLYNC PRIVATE LIMITED,2026-27,f
535,VL/F5/QR/202627/00523,32AAIFI0458G1ZN,VOLTLYNC PRIVATE LIMITED,2026-27,f
536,VL/F5/QR/202627/00524,32AAIFI0458G1ZN,VOLTLYNC PRIVATE LIMITED,2026-27,f
537,VL/F5/QR/202627/00525,32AAIFI0458G1ZN,VOLTLYNC PRIVATE LIMITED,2026-27,f
538,VL/F5/QR/202627/00526,32AAIFI0458G1ZN,VOLTLYNC PRIVATE LIMITED,2026-27,f
539,VL/F5/QR/202627/00527,32AAIFI0458G1ZN,VOLTLYNC PRIVATE LIMITED,2026-27,f
540,VL/F5/QR/202627/00528,32AAIFI0458G1ZN,VOLTLYNC PRIVATE LIMITED,2026-27,f
541,VL/F5/QR/202627/00529,32AAIFI0458G1ZN,VOLTLYNC PRIVATE LIMITED,2026-27,f
542,VL/F5/QR/202627/00530,32AAIFI0458G1ZN,VOLTLYNC PRIVATE LIMITED,2026-27,f
543,VL/F5/QR/202627/00531,32AAIFI0458G1ZN,VOLTLYNC PRIVATE LIMITED,2026-27,f
544,VL/F5/QR/202627/00532,32AAIFI0458G1ZN,VOLTLYNC PRIVATE LIMITED,2026-27,t
545,VL/F5/QR/202627/00533,32AAIFI0458G1ZN,VOLTLYNC PRIVATE LIMITED,2026-27,f
546,VL/F5/QR/202627/00534,32AAIFI0458G1ZN,VOLTLYNC PRIVATE LIMITED,2026-27,f
547,VL/F5/QR/202627/00535,32AAIFI0458G1ZN,VOLTLYNC PRIVATE LIMITED,2026-27,f
548,VL/F5/QR/202627/00536,32AAIFI0458G1ZN,VOLTLYNC PRIVATE LIMITED,2026-27,f
549,VL/F5/QR/202627/00537,32AAIFI0458G1ZN,VOLTLYNC PRIVATE LIMITED,2026-27,f
550,VL/F5/QR/202627/00538,32AAIFI0458G1ZN,VOLTLYNC PRIVATE LIMITED,2026-27,f
551,VL/F5/QR/202627/00539,32AAIFI0458G1ZN,VOLTLYNC PRIVATE LIMITED,2026-27,f
552,VL/F5/QR/202627/00540,32AAIFI0458G1ZN,VOLTLYNC PRIVATE LIMITED,2026-27,f
553,VL/F5/QR/202627/00541,32AAIFI0458G1ZN,VOLTLYNC PRIVATE LIMITED,2026-27,f
554,VL/F5/QR/202627/00542,32AAIFI0458G1ZN,VOLTLYNC PRIVATE LIMITED,2026-27,f
555,VL/F5/QR/202627/00543,32AAIFI0458G1ZN,VOLTLYNC PRIVATE LIMITED,2026-27,f
556,VL/F5/QR/202627/00544,32AAIFI0458G1ZN,VOLTLYNC PRIVATE LIMITED,2026-27,f
557,VL/F5/QR/202627/00545,32AAIFI0458G1ZN,VOLTLYNC PRIVATE LIMITED,2026-27,f
558,VL/F5/QR/202627/00546,32AAIFI0458G1ZN,VOLTLYNC PRIVATE LIMITED,2026-27,f
559,VL/F5/QR/202627/00547,32AAIFI0458G1ZN,VOLTLYNC PRIVATE LIMITED,2026-27,f
560,VL/F5/QR/202627/00548,32AAIFI0458G1ZN,VOLTLYNC PRIVATE LIMITED,2026-27,f
561,VL/F5/QR/202627/00549,32AAIFI0458G1ZN,VOLTLYNC PRIVATE LIMITED,2026-27,f
562,VL/F5/QR/202627/00550,32AAIFI0458G1ZN,VOLTLYNC PRIVATE LIMITED,2026-27,f
563,VL/F5/QR/202627/00551,32AAIFI0458G1ZN,VOLTLYNC PRIVATE LIMITED,2026-27,f
564,VL/F5/QR/202627/00552,32AAIFI0458G1ZN,VOLTLYNC PRIVATE LIMITED,2026-27,f
565,VL/F5/QR/202627/00553,32AAIFI0458G1ZN,VOLTLYNC PRIVATE LIMITED,2026-27,t
566,VL/F5/QR/202627/00554,32AAIFI0458G1ZN,VOLTLYNC PRIVATE LIMITED,2026-27,f
567,VL/F5/QR/202627/00555,32AAIFI0458G1ZN,VOLTLYNC PRIVATE LIMITED,2026-27,f
568,VL/F5/QR/202627/00556,32AAIFI0458G1ZN,VOLTLYNC PRIVATE LIMITED,2026-27,f
569,VL/F5/QR/202627/00557,32AAIFI0458G1ZN,VOLTLYNC PRIVATE LIMITED,2026-27,f
570,VL/F5/QR/202627/00558,32AAIFI0458G1ZN,VOLTLYNC PRIVATE LIMITED,2026-27,f
571,VL/F5/QR/202627/00559,32AAIFI0458G1ZN,VOLTLYNC PRIVATE LIMITED,2026-27,f
572,VL/F5/QR/202627/00560,32AAIFI0458G1ZN,VOLTLYNC PRIVATE LIMITED,2026-27,f
573,VL/F5/QR/202627/00561,32AAIFI0458G1ZN,VOLTLYNC PRIVATE LIMITED,2026-27,f
574,VL/F5/QR/202627/00562,32AAIFI0458G1ZN,VOLTLYNC PRIVATE LIMITED,2026-27,f
575,VL/F5/QR/202627/00563,32AAIFI0458G1ZN,VOLTLYNC PRIVATE LIMITED,2026-27,f
576,VL/F5/QR/202627/00564,32AAIFI0458G1ZN,VOLTLYNC PRIVATE LIMITED,2026-27,f
577,VL/F5/QR/202627/00565,32AAIFI0458G1ZN,VOLTLYNC PRIVATE LIMITED,2026-27,f
578,VL/F5/QR/202627/00566,32AAIFI0458G1ZN,VOLTLYNC PRIVATE LIMITED,2026-27,f
579,VL/F5/QR/202627/00567,32AAIFI0458G1ZN,VOLTLYNC PRIVATE LIMITED,2026-27,f
580,VL/F5/QR/202627/00568,32AAIFI0458G1ZN,VOLTLYNC PRIVATE LIMITED,2026-27,f
581,VL/F5/QR/202627/00569,32AAIFI0458G1ZN,VOLTLYNC PRIVATE LIMITED,2026-27,f
582,VL/F5/QR/202627/00570,32AAIFI0458G1ZN,VOLTLYNC PRIVATE LIMITED,2026-27,f
583,VL/F5/QR/202627/00571,32AAIFI0458G1ZN,VOLTLYNC PRIVATE LIMITED,2026-27,f
584,VL/F5/QR/202627/00572,32AAIFI0458G1ZN,VOLTLYNC PRIVATE LIMITED,2026-27,f
585,VL/F5/QR/202627/00573,32AAIFI0458G1ZN,VOLTLYNC PRIVATE LIMITED,2026-27,f
586,VL/F5/QR/202627/00574,32AAIFI0458G1ZN,VOLTLYNC PRIVATE LIMITED,2026-27,f
587,VL/F5/QR/202627/00575,32AAIFI0458G1ZN,VOLTLYNC PRIVATE LIMITED,2026-27,f
588,VL/F5/QR/202627/00576,32AAIFI0458G1ZN,VOLTLYNC PRIVATE LIMITED,2026-27,f
589,VL/F5/QR/202627/00577,32AAIFI0458G1ZN,VOLTLYNC PRIVATE LIMITED,2026-27,f
590,VL/F5/QR/202627/00578,32AAIFI0458G1ZN,VOLTLYNC PRIVATE LIMITED,2026-27,f
591,VL/F5/QR/202627/00579,32AAIFI0458G1ZN,VOLTLYNC PRIVATE LIMITED,2026-27,f
592,VL/F5/QR/202627/00580,32AAIFI0458G1ZN,VOLTLYNC PRIVATE LIMITED,2026-27,f
593,VL/F5/QR/202627/00581,32AAIFI0458G1ZN,VOLTLYNC PRIVATE LIMITED,2026-27,f
594,VL/F5/QR/202627/00582,32AAIFI0458G1ZN,VOLTLYNC PRIVATE LIMITED,2026-27,f
595,VL/F5/QR/202627/00583,32AAIFI0458G1ZN,VOLTLYNC PRIVATE LIMITED,2026-27,f
596,VL/F5/QR/202627/00584,32AAIFI0458G1ZN,VOLTLYNC PRIVATE LIMITED,2026-27,f
597,VL/F5/QR/202627/00585,32AAIFI0458G1ZN,VOLTLYNC PRIVATE LIMITED,2026-27,f
598,VL/F5/QR/202627/00586,32AAIFI0458G1ZN,VOLTLYNC PRIVATE LIMITED,2026-27,f
599,VL/F5/QR/202627/00587,32AAIFI0458G1ZN,VOLTLYNC PRIVATE LIMITED,2026-27,f
600,VL/F5/QR/202627/00588,32AAIFI0458G1ZN,VOLTLYNC PRIVATE LIMITED,2026-27,f
601,VL/F5/QR/202627/00589,32AAIFI0458G1ZN,VOLTLYNC PRIVATE LIMITED,2026-27,f
602,VL/F5/QR/202627/00590,32AAIFI0458G1ZN,VOLTLYNC PRIVATE LIMITED,2026-27,f
603,VL/F5/QR/202627/00591,32AAIFI0458G1ZN,VOLTLYNC PRIVATE LIMITED,2026-27,f
604,VL/F5/QR/202627/00592,32AAIFI0458G1ZN,VOLTLYNC PRIVATE LIMITED,2026-27,f
605,VL/F5/QR/202627/00593,32AAIFI0458G1ZN,VOLTLYNC PRIVATE LIMITED,2026-27,f
606,VL/F5/QR/202627/00594,32AAIFI0458G1ZN,VOLTLYNC PRIVATE LIMITED,2026-27,f
607,VL/F5/QR/202627/00595,32AAIFI0458G1ZN,VOLTLYNC PRIVATE LIMITED,2026-27,f
608,VL/F5/QR/202627/00596,32AAIFI0458G1ZN,VOLTLYNC PRIVATE LIMITED,2026-27,f
609,VL/F5/QR/202627/00597,32AAIFI0458G1ZN,VOLTLYNC PRIVATE LIMITED,2026-27,f
610,VL/F5/QR/202627/00598,32AAIFI0458G1ZN,VOLTLYNC PRIVATE LIMITED,2026-27,f
611,VL/F5/QR/202627/00599,32AAIFI0458G1ZN,VOLTLYNC PRIVATE LIMITED,2026-27,f
612,VL/F5/QR/202627/00600,32AAIFI0458G1ZN,VOLTLYNC PRIVATE LIMITED,2026-27,f
613,VL/F5/QR/202627/00601,32AAIFI0458G1ZN,VOLTLYNC PRIVATE LIMITED,2026-27,f
614,VL/F5/QR/202627/00602,32AAIFI0458G1ZN,VOLTLYNC PRIVATE LIMITED,2026-27,f
615,VL/F5/QR/202627/00603,32AAIFI0458G1ZN,VOLTLYNC PRIVATE LIMITED,2026-27,f
616,VL/F5/QR/202627/00604,32AAIFI0458G1ZN,VOLTLYNC PRIVATE LIMITED,2026-27,f
617,VL/F5/QR/202627/00605,32AAIFI0458G1ZN,VOLTLYNC PRIVATE LIMITED,2026-27,f
618,VL/F5/QR/202627/00606,32AAIFI0458G1ZN,VOLTLYNC PRIVATE LIMITED,2026-27,f
619,VL/F5/QR/202627/00607,32AAIFI0458G1ZN,VOLTLYNC PRIVATE LIMITED,2026-27,f
620,VL/F5/QR/202627/00608,32AAIFI0458G1ZN,VOLTLYNC PRIVATE LIMITED,2026-27,f
621,VL/F5/QR/202627/00609,32AAIFI0458G1ZN,VOLTLYNC PRIVATE LIMITED,2026-27,f
622,VL/F5/QR/202627/00610,32AAIFI0458G1ZN,VOLTLYNC PRIVATE LIMITED,2026-27,f
623,VL/F5/QR/202627/00611,32AAIFI0458G1ZN,VOLTLYNC PRIVATE LIMITED,2026-27,f
624,VL/F5/QR/202627/00612,32AAIFI0458G1ZN,VOLTLYNC PRIVATE LIMITED,2026-27,f
625,VL/F5/QR/202627/00613,32AAIFI0458G1ZN,VOLTLYNC PRIVATE LIMITED,2026-27,f
626,VL/F5/QR/202627/00614,32AAIFI0458G1ZN,VOLTLYNC PRIVATE LIMITED,2026-27,f
627,VL/F5/QR/202627/00615,32AAIFI0458G1ZN,VOLTLYNC PRIVATE LIMITED,2026-27,f
628,VL/F5/QR/202627/00616,32AAIFI0458G1ZN,VOLTLYNC PRIVATE LIMITED,2026-27,f
629,VL/F5/QR/202627/00617,32AAIFI0458G1ZN,VOLTLYNC PRIVATE LIMITED,2026-27,f
630,VL/F5/QR/202627/00618,32AAIFI0458G1ZN,VOLTLYNC PRIVATE LIMITED,2026-27,f
631,VL/F5/QR/202627/00619,32AAIFI0458G1ZN,VOLTLYNC PRIVATE LIMITED,2026-27,f
632,VL/F5/QR/202627/00620,32AAIFI0458G1ZN,VOLTLYNC PRIVATE LIMITED,2026-27,t
633,VL/F5/QR/202627/00621,32AAIFI0458G1ZN,VOLTLYNC PRIVATE LIMITED,2026-27,f
634,VL/F5/QR/202627/00622,32AAIFI0458G1ZN,VOLTLYNC PRIVATE LIMITED,2026-27,f
635,VL/F5/QR/202627/00623,32AAIFI0458G1ZN,VOLTLYNC PRIVATE LIMITED,2026-27,f
636,VL/F5/QR/202627/00624,32AAIFI0458G1ZN,VOLTLYNC PRIVATE LIMITED,2026-27,f
637,VL/F5/QR/202627/00625,32AAIFI0458G1ZN,VOLTLYNC PRIVATE LIMITED,2026-27,f
638,VL/F5/QR/202627/00626,32AAIFI0458G1ZN,VOLTLYNC PRIVATE LIMITED,2026-27,f
639,VL/F5/QR/202627/00627,32AAIFI0458G1ZN,VOLTLYNC PRIVATE LIMITED,2026-27,f
640,VL/F5/QR/202627/00628,32AAIFI0458G1ZN,VOLTLYNC PRIVATE LIMITED,2026-27,t
641,VL/F5/QR/202627/00629,32AAIFI0458G1ZN,VOLTLYNC PRIVATE LIMITED,2026-27,f
642,VL/F5/QR/202627/00630,32AAIFI0458G1ZN,VOLTLYNC PRIVATE LIMITED,2026-27,f
643,VL/F5/QR/202627/00631,32AAIFI0458G1ZN,VOLTLYNC PRIVATE LIMITED,2026-27,t
644,VL/F5/QR/202627/00632,32AAIFI0458G1ZN,VOLTLYNC PRIVATE LIMITED,2026-27,f
645,VL/F5/QR/202627/00633,32AAIFI0458G1ZN,VOLTLYNC PRIVATE LIMITED,2026-27,f
646,VL/F5/QR/202627/00634,32AAIFI0458G1ZN,VOLTLYNC PRIVATE LIMITED,2026-27,f
647,VL/F5/QR/202627/00635,32AAIFI0458G1ZN,VOLTLYNC PRIVATE LIMITED,2026-27,f
648,VL/F5/QR/202627/00636,32AAIFI0458G1ZN,VOLTLYNC PRIVATE LIMITED,2026-27,f
649,VL/F5/QR/202627/00637,32AAIFI0458G1ZN,VOLTLYNC PRIVATE LIMITED,2026-27,f
650,VL/F5/QR/202627/00638,32AAIFI0458G1ZN,VOLTLYNC PRIVATE LIMITED,2026-27,f
651,VL/F5/QR/202627/00639,32AAIFI0458G1ZN,VOLTLYNC PRIVATE LIMITED,2026-27,f
652,VL/F5/QR/202627/00640,32AAIFI0458G1ZN,VOLTLYNC PRIVATE LIMITED,2026-27,f
653,VL/F5/QR/202627/00641,32AAIFI0458G1ZN,VOLTLYNC PRIVATE LIMITED,2026-27,f
654,VL/F5/QR/202627/00642,32AAIFI0458G1ZN,VOLTLYNC PRIVATE LIMITED,2026-27,f
655,VL/F5/QR/202627/00643,32AAIFI0458G1ZN,VOLTLYNC PRIVATE LIMITED,2026-27,f
656,VL/F5/QR/202627/00644,32AAIFI0458G1ZN,VOLTLYNC PRIVATE LIMITED,2026-27,f
657,VL/F5/QR/202627/00645,32AAIFI0458G1ZN,VOLTLYNC PRIVATE LIMITED,2026-27,f
658,VL/F5/QR/202627/00646,32AAIFI0458G1ZN,VOLTLYNC PRIVATE LIMITED,2026-27,f
659,VL/F5/QR/202627/00647,32AAIFI0458G1ZN,VOLTLYNC PRIVATE LIMITED,2026-27,f
660,VL/F5/QR/202627/00648,32AAIFI0458G1ZN,VOLTLYNC PRIVATE LIMITED,2026-27,f
661,VL/F5/QR/202627/00649,32AAIFI0458G1ZN,VOLTLYNC PRIVATE LIMITED,2026-27,f
662,VL/F5/QR/202627/00650,32AAIFI0458G1ZN,VOLTLYNC PRIVATE LIMITED,2026-27,f
663,VL/F5/QR/202627/00651,32AAIFI0458G1ZN,VOLTLYNC PRIVATE LIMITED,2026-27,f
664,VL/F5/QR/202627/00652,32AAIFI0458G1ZN,VOLTLYNC PRIVATE LIMITED,2026-27,f
665,VL/F5/QR/202627/00653,32AAIFI0458G1ZN,VOLTLYNC PRIVATE LIMITED,2026-27,f
666,VL/F5/QR/202627/00654,32AAIFI0458G1ZN,VOLTLYNC PRIVATE LIMITED,2026-27,f
667,VL/F5/QR/202627/00655,32AAIFI0458G1ZN,VOLTLYNC PRIVATE LIMITED,2026-27,f
668,VL/F5/QR/202627/00656,32AAIFI0458G1ZN,VOLTLYNC PRIVATE LIMITED,2026-27,f
669,VL/F5/QR/202627/00657,32AAIFI0458G1ZN,VOLTLYNC PRIVATE LIMITED,2026-27,f
670,VL/F5/QR/202627/00658,32AAIFI0458G1ZN,VOLTLYNC PRIVATE LIMITED,2026-27,f
671,VL/F5/QR/202627/00659,32AAIFI0458G1ZN,VOLTLYNC PRIVATE LIMITED,2026-27,f
672,VL/F5/QR/202627/00660,32AAIFI0458G1ZN,VOLTLYNC PRIVATE LIMITED,2026-27,f
673,VL/F5/QR/202627/00661,32AAIFI0458G1ZN,VOLTLYNC PRIVATE LIMITED,2026-27,f
674,VL/F5/QR/202627/00662,32AAIFI0458G1ZN,VOLTLYNC PRIVATE LIMITED,2026-27,f
675,VL/F5/QR/202627/00663,32AAIFI0458G1ZN,VOLTLYNC PRIVATE LIMITED,2026-27,f
676,VL/F5/QR/202627/00664,32AAIFI0458G1ZN,VOLTLYNC PRIVATE LIMITED,2026-27,f
677,VL/F5/QR/202627/00665,32AAIFI0458G1ZN,VOLTLYNC PRIVATE LIMITED,2026-27,f
678,VL/F5/QR/202627/00666,32AAIFI0458G1ZN,VOLTLYNC PRIVATE LIMITED,2026-27,f
679,VL/F5/QR/202627/00667,32AAIFI0458G1ZN,VOLTLYNC PRIVATE LIMITED,2026-27,f
680,VL/F5/QR/202627/00668,32AAIFI0458G1ZN,VOLTLYNC PRIVATE LIMITED,2026-27,f
681,VL/F5/QR/202627/00669,32AAIFI0458G1ZN,VOLTLYNC PRIVATE LIMITED,2026-27,f
682,VL/F5/QR/202627/00670,32AAIFI0458G1ZN,VOLTLYNC PRIVATE LIMITED,2026-27,f
683,VL/F5/QR/202627/00671,32AAIFI0458G1ZN,VOLTLYNC PRIVATE LIMITED,2026-27,f
684,VL/F5/QR/202627/00672,32AAIFI0458G1ZN,VOLTLYNC PRIVATE LIMITED,2026-27,f
685,VL/F5/QR/202627/00673,32AAIFI0458G1ZN,VOLTLYNC PRIVATE LIMITED,2026-27,f
686,VL/F5/QR/202627/00674,32AAIFI0458G1ZN,VOLTLYNC PRIVATE LIMITED,2026-27,f
687,VL/F5/QR/202627/00675,32AAIFI0458G1ZN,VOLTLYNC PRIVATE LIMITED,2026-27,f
688,VL/F5/QR/202627/00676,32AAIFI0458G1ZN,VOLTLYNC PRIVATE LIMITED,2026-27,f
689,VL/F5/QR/202627/00677,32AAIFI0458G1ZN,VOLTLYNC PRIVATE LIMITED,2026-27,f
690,VL/F5/QR/202627/00678,32AAIFI0458G1ZN,VOLTLYNC PRIVATE LIMITED,2026-27,f
691,VL/F5/QR/202627/00679,32AAIFI0458G1ZN,VOLTLYNC PRIVATE LIMITED,2026-27,f
692,VL/F5/QR/202627/00680,32AAIFI0458G1ZN,VOLTLYNC PRIVATE LIMITED,2026-27,f
693,VL/F5/QR/202627/00681,32AAIFI0458G1ZN,VOLTLYNC PRIVATE LIMITED,2026-27,f
694,VL/F5/QR/202627/00682,32AAIFI0458G1ZN,VOLTLYNC PRIVATE LIMITED,2026-27,f
695,VL/F5/QR/202627/00683,32AAIFI0458G1ZN,VOLTLYNC PRIVATE LIMITED,2026-27,f
696,VL/F5/QR/202627/00684,32AAIFI0458G1ZN,VOLTLYNC PRIVATE LIMITED,2026-27,f
697,VL/F5/QR/202627/00685,32AAIFI0458G1ZN,VOLTLYNC PRIVATE LIMITED,2026-27,f
698,VL/F5/QR/202627/00686,32AAIFI0458G1ZN,VOLTLYNC PRIVATE LIMITED,2026-27,f
699,VL/F5/QR/202627/00687,32AAIFI0458G1ZN,VOLTLYNC PRIVATE LIMITED,2026-27,f
700,VL/F5/QR/202627/00688,32AAIFI0458G1ZN,VOLTLYNC PRIVATE LIMITED,2026-27,f
701,VL/F5/QR/202627/00689,32AAIFI0458G1ZN,VOLTLYNC PRIVATE LIMITED,2026-27,f
702,VL/F5/QR/202627/00690,32AAIFI0458G1ZN,VOLTLYNC PRIVATE LIMITED,2026-27,f
703,VL/F5/QR/202627/00691,32AAIFI0458G1ZN,VOLTLYNC PRIVATE LIMITED,2026-27,f
704,VL/F5/QR/202627/00692,32AAIFI0458G1ZN,VOLTLYNC PRIVATE LIMITED,2026-27,f
705,VL/F5/QR/202627/00693,32AAIFI0458G1ZN,VOLTLYNC PRIVATE LIMITED,2026-27,f
706,VL/F5/QR/202627/00694,32AAIFI0458G1ZN,VOLTLYNC PRIVATE LIMITED,2026-27,f
707,VL/F5/QR/202627/00695,32AAIFI0458G1ZN,VOLTLYNC PRIVATE LIMITED,2026-27,f
708,VL/F5/QR/202627/00696,32AAIFI0458G1ZN,VOLTLYNC PRIVATE LIMITED,2026-27,f
709,VL/F5/QR/202627/00697,32AAIFI0458G1ZN,VOLTLYNC PRIVATE LIMITED,2026-27,f
710,VL/F5/QR/202627/00698,32AAIFI0458G1ZN,VOLTLYNC PRIVATE LIMITED,2026-27,f
711,VL/F5/QR/202627/00699,32AAIFI0458G1ZN,VOLTLYNC PRIVATE LIMITED,2026-27,f
712,VL/F5/QR/202627/00700,32AAIFI0458G1ZN,VOLTLYNC PRIVATE LIMITED,2026-27,f
713,VL/F5/QR/202627/00701,32AAIFI0458G1ZN,VOLTLYNC PRIVATE LIMITED,2026-27,f
714,VL/F5/QR/202627/00702,32AAIFI0458G1ZN,VOLTLYNC PRIVATE LIMITED,2026-27,f
715,VL/F5/QR/202627/00703,32AAIFI0458G1ZN,VOLTLYNC PRIVATE LIMITED,2026-27,f
716,VL/F5/QR/202627/00704,32AAIFI0458G1ZN,VOLTLYNC PRIVATE LIMITED,2026-27,f
717,VL/F5/QR/202627/00705,32AAIFI0458G1ZN,VOLTLYNC PRIVATE LIMITED,2026-27,f
718,VL/F5/QR/202627/00706,32AAIFI0458G1ZN,VOLTLYNC PRIVATE LIMITED,2026-27,f
719,VL/F5/QR/202627/00707,32AAIFI0458G1ZN,VOLTLYNC PRIVATE LIMITED,2026-27,f
720,VL/F5/QR/202627/00708,32AAIFI0458G1ZN,VOLTLYNC PRIVATE LIMITED,2026-27,f
721,VL/F5/QR/202627/00709,32AAIFI0458G1ZN,VOLTLYNC PRIVATE LIMITED,2026-27,f
722,VL/F5/QR/202627/00710,32AAIFI0458G1ZN,VOLTLYNC PRIVATE LIMITED,2026-27,f
723,VL/F5/QR/202627/00711,32AAIFI0458G1ZN,VOLTLYNC PRIVATE LIMITED,2026-27,f
724,VL/F5/QR/202627/00712,32AAIFI0458G1ZN,VOLTLYNC PRIVATE LIMITED,2026-27,f
725,VL/F5/QR/202627/00713,32AAIFI0458G1ZN,VOLTLYNC PRIVATE LIMITED,2026-27,f
726,VL/F5/QR/202627/00714,32AAIFI0458G1ZN,VOLTLYNC PRIVATE LIMITED,2026-27,f
727,VL/F5/QR/202627/00715,32AAIFI0458G1ZN,VOLTLYNC PRIVATE LIMITED,2026-27,f
728,VL/F5/QR/202627/00716,32AAIFI0458G1ZN,VOLTLYNC PRIVATE LIMITED,2026-27,f
729,VL/F5/QR/202627/00717,32AAIFI0458G1ZN,VOLTLYNC PRIVATE LIMITED,2026-27,f
730,VL/F5/QR/202627/00718,32AAIFI0458G1ZN,VOLTLYNC PRIVATE LIMITED,2026-27,f
731,VL/F5/QR/202627/00719,32AAIFI0458G1ZN,VOLTLYNC PRIVATE LIMITED,2026-27,f
732,VL/F5/QR/202627/00720,32AAIFI0458G1ZN,VOLTLYNC PRIVATE LIMITED,2026-27,f
733,VL/F5/QR/202627/00721,32AAIFI0458G1ZN,VOLTLYNC PRIVATE LIMITED,2026-27,f
734,VL/F5/QR/202627/00722,32AAIFI0458G1ZN,VOLTLYNC PRIVATE LIMITED,2026-27,f
735,VL/F5/QR/202627/00723,32AAIFI0458G1ZN,VOLTLYNC PRIVATE LIMITED,2026-27,f
736,VL/F5/QR/202627/00724,32AAIFI0458G1ZN,VOLTLYNC PRIVATE LIMITED,2026-27,f
737,VL/F5/QR/202627/00725,32AAIFI0458G1ZN,VOLTLYNC PRIVATE LIMITED,2026-27,f
738,VL/F5/QR/202627/00726,32AAIFI0458G1ZN,VOLTLYNC PRIVATE LIMITED,2026-27,f
739,VL/F5/QR/202627/00727,32AAIFI0458G1ZN,VOLTLYNC PRIVATE LIMITED,2026-27,f
740,VL/F5/QR/202627/00728,32AAIFI0458G1ZN,VOLTLYNC PRIVATE LIMITED,2026-27,f
741,VL/F5/QR/202627/00729,32AAIFI0458G1ZN,VOLTLYNC PRIVATE LIMITED,2026-27,f
742,VL/F5/QR/202627/00730,32AAIFI0458G1ZN,VOLTLYNC PRIVATE LIMITED,2026-27,f
743,VL/F5/QR/202627/00731,32AAIFI0458G1ZN,VOLTLYNC PRIVATE LIMITED,2026-27,f
744,VL/F5/QR/202627/00732,32AAIFI0458G1ZN,VOLTLYNC PRIVATE LIMITED,2026-27,f
745,VL/F5/QR/202627/00733,32AAIFI0458G1ZN,VOLTLYNC PRIVATE LIMITED,2026-27,f
746,VL/F5/QR/202627/00734,32AAIFI0458G1ZN,VOLTLYNC PRIVATE LIMITED,2026-27,f
747,VL/F5/QR/202627/00735,32AAIFI0458G1ZN,VOLTLYNC PRIVATE LIMITED,2026-27,f
748,VL/F5/QR/202627/00736,32AAIFI0458G1ZN,VOLTLYNC PRIVATE LIMITED,2026-27,f
749,VL/F5/QR/202627/00737,32AAIFI0458G1ZN,VOLTLYNC PRIVATE LIMITED,2026-27,f
750,VL/F5/QR/202627/00738,32AAIFI0458G1ZN,VOLTLYNC PRIVATE LIMITED,2026-27,f
751,VL/F5/QR/202627/00739,32AAIFI0458G1ZN,VOLTLYNC PRIVATE LIMITED,2026-27,f
752,VL/F5/QR/202627/00740,32AAIFI0458G1ZN,VOLTLYNC PRIVATE LIMITED,2026-27,f
753,VL/F5/QR/202627/00741,32AAIFI0458G1ZN,VOLTLYNC PRIVATE LIMITED,2026-27,f
754,VL/F5/QR/202627/00742,32AAIFI0458G1ZN,VOLTLYNC PRIVATE LIMITED,2026-27,f
755,VL/F5/QR/202627/00743,32AAIFI0458G1ZN,VOLTLYNC PRIVATE LIMITED,2026-27,f
756,VL/F5/QR/202627/00744,32AAIFI0458G1ZN,VOLTLYNC PRIVATE LIMITED,2026-27,f
757,VL/F5/QR/202627/00745,32AAIFI0458G1ZN,VOLTLYNC PRIVATE LIMITED,2026-27,f
758,VL/F5/QR/202627/00746,32AAIFI0458G1ZN,VOLTLYNC PRIVATE LIMITED,2026-27,f
759,VL/F5/QR/202627/00747,32AAIFI0458G1ZN,VOLTLYNC PRIVATE LIMITED,2026-27,f
760,VL/F5/QR/202627/00748,32AAIFI0458G1ZN,VOLTLYNC PRIVATE LIMITED,2026-27,f
761,VL/F5/QR/202627/00749,32AAIFI0458G1ZN,VOLTLYNC PRIVATE LIMITED,2026-27,f
762,VL/F5/QR/202627/00750,32AAIFI0458G1ZN,VOLTLYNC PRIVATE LIMITED,2026-27,f
763,VL/F5/QR/202627/00751,32AAIFI0458G1ZN,VOLTLYNC PRIVATE LIMITED,2026-27,f
764,VL/F5/QR/202627/00752,32AAIFI0458G1ZN,VOLTLYNC PRIVATE LIMITED,2026-27,f
765,VL/F5/QR/202627/00753,32AAIFI0458G1ZN,VOLTLYNC PRIVATE LIMITED,2026-27,f
766,VL/F5/QR/202627/00754,32AAIFI0458G1ZN,VOLTLYNC PRIVATE LIMITED,2026-27,f
767,VL/F5/QR/202627/00755,32AAIFI0458G1ZN,VOLTLYNC PRIVATE LIMITED,2026-27,t
768,VL/F5/QR/202627/00756,32AAIFI0458G1ZN,VOLTLYNC PRIVATE LIMITED,2026-27,f
769,VL/F5/QR/202627/00757,32AAIFI0458G1ZN,VOLTLYNC PRIVATE LIMITED,2026-27,f
770,VL/F5/QR/202627/00758,32AAIFI0458G1ZN,VOLTLYNC PRIVATE LIMITED,2026-27,f
771,VL/F5/QR/202627/00759,32AAIFI0458G1ZN,VOLTLYNC PRIVATE LIMITED,2026-27,f
772,VL/F5/QR/202627/00760,32AAIFI0458G1ZN,VOLTLYNC PRIVATE LIMITED,2026-27,f
773,VL/F5/QR/202627/00761,32AAIFI0458G1ZN,VOLTLYNC PRIVATE LIMITED,2026-27,f
774,VL/F5/QR/202627/00762,32AAIFI0458G1ZN,VOLTLYNC PRIVATE LIMITED,2026-27,f
775,VL/F5/QR/202627/00763,32AAIFI0458G1ZN,VOLTLYNC PRIVATE LIMITED,2026-27,f
776,VL/F5/QR/202627/00764,32AAIFI0458G1ZN,VOLTLYNC PRIVATE LIMITED,2026-27,f
777,VL/F5/QR/202627/00765,32AAIFI0458G1ZN,VOLTLYNC PRIVATE LIMITED,2026-27,f
778,VL/F5/QR/202627/00766,32AAIFI0458G1ZN,VOLTLYNC PRIVATE LIMITED,2026-27,f
779,VL/F5/QR/202627/00767,32AAIFI0458G1ZN,VOLTLYNC PRIVATE LIMITED,2026-27,t
780,VL/F5/QR/202627/00768,32AAIFI0458G1ZN,VOLTLYNC PRIVATE LIMITED,2026-27,f
781,VL/F5/QR/202627/00769,32AAIFI0458G1ZN,VOLTLYNC PRIVATE LIMITED,2026-27,f
782,VL/F5/QR/202627/00770,32AAIFI0458G1ZN,VOLTLYNC PRIVATE LIMITED,2026-27,f
783,VL/F5/QR/202627/00771,32AAIFI0458G1ZN,VOLTLYNC PRIVATE LIMITED,2026-27,f
784,VL/F5/QR/202627/00772,32AAIFI0458G1ZN,VOLTLYNC PRIVATE LIMITED,2026-27,f
785,VL/F5/QR/202627/00773,32AAIFI0458G1ZN,VOLTLYNC PRIVATE LIMITED,2026-27,f
786,VL/F5/QR/202627/00774,32AAIFI0458G1ZN,VOLTLYNC PRIVATE LIMITED,2026-27,f
787,VL/F5/QR/202627/00775,32AAIFI0458G1ZN,VOLTLYNC PRIVATE LIMITED,2026-27,f
788,VL/F5/QR/202627/00776,32AAIFI0458G1ZN,VOLTLYNC PRIVATE LIMITED,2026-27,f
789,VL/F5/QR/202627/00777,32AAIFI0458G1ZN,VOLTLYNC PRIVATE LIMITED,2026-27,t
790,VL/F5/QR/202627/00778,32AAIFI0458G1ZN,VOLTLYNC PRIVATE LIMITED,2026-27,f
791,VL/F5/QR/202627/00779,32AAIFI0458G1ZN,VOLTLYNC PRIVATE LIMITED,2026-27,f
792,VL/F5/QR/202627/00780,32AAIFI0458G1ZN,VOLTLYNC PRIVATE LIMITED,2026-27,f
793,VL/F5/QR/202627/00781,32AAIFI0458G1ZN,VOLTLYNC PRIVATE LIMITED,2026-27,f
794,VL/F5/QR/202627/00782,32AAIFI0458G1ZN,VOLTLYNC PRIVATE LIMITED,2026-27,f
795,VL/F5/QR/202627/00783,32AAIFI0458G1ZN,VOLTLYNC PRIVATE LIMITED,2026-27,f
796,VL/F5/QR/202627/00784,32AAIFI0458G1ZN,VOLTLYNC PRIVATE LIMITED,2026-27,f
797,VL/F5/QR/202627/00785,32AAIFI0458G1ZN,VOLTLYNC PRIVATE LIMITED,2026-27,f
798,VL/F5/QR/202627/00786,32AAIFI0458G1ZN,VOLTLYNC PRIVATE LIMITED,2026-27,f
799,VL/F5/QR/202627/00787,32AAIFI0458G1ZN,VOLTLYNC PRIVATE LIMITED,2026-27,f
800,VL/F5/QR/202627/00788,32AAIFI0458G1ZN,VOLTLYNC PRIVATE LIMITED,2026-27,f
801,VL/F5/QR/202627/00789,32AAIFI0458G1ZN,VOLTLYNC PRIVATE LIMITED,2026-27,f
802,VL/F5/QR/202627/00790,32AAIFI0458G1ZN,VOLTLYNC PRIVATE LIMITED,2026-27,f
803,VL/F5/QR/202627/00791,32AAIFI0458G1ZN,VOLTLYNC PRIVATE LIMITED,2026-27,f
804,VL/F5/QR/202627/00792,32AAIFI0458G1ZN,VOLTLYNC PRIVATE LIMITED,2026-27,f
805,VL/F5/QR/202627/00793,32AAIFI0458G1ZN,VOLTLYNC PRIVATE LIMITED,2026-27,f
806,VL/F5/QR/202627/00794,32AAIFI0458G1ZN,VOLTLYNC PRIVATE LIMITED,2026-27,f
807,VL/F5/QR/202627/00795,32AAIFI0458G1ZN,VOLTLYNC PRIVATE LIMITED,2026-27,f
808,VL/F5/QR/202627/00796,32AAIFI0458G1ZN,VOLTLYNC PRIVATE LIMITED,2026-27,f
809,VL/F5/QR/202627/00797,32AAIFI0458G1ZN,VOLTLYNC PRIVATE LIMITED,2026-27,f
810,VL/F5/QR/202627/00798,32AAIFI0458G1ZN,VOLTLYNC PRIVATE LIMITED,2026-27,f
811,VL/F5/QR/202627/00799,32AAIFI0458G1ZN,VOLTLYNC PRIVATE LIMITED,2026-27,f
812,VL/F5/QR/202627/00800,32AAIFI0458G1ZN,VOLTLYNC PRIVATE LIMITED,2026-27,f
813,VL/F5/QR/202627/00801,32AAIFI0458G1ZN,VOLTLYNC PRIVATE LIMITED,2026-27,f
814,VL/F5/QR/202627/00802,32AAIFI0458G1ZN,VOLTLYNC PRIVATE LIMITED,2026-27,f
815,VL/F5/QR/202627/00803,32AAIFI0458G1ZN,VOLTLYNC PRIVATE LIMITED,2026-27,f
816,VL/F5/QR/202627/00804,32AAIFI0458G1ZN,VOLTLYNC PRIVATE LIMITED,2026-27,f
817,VL/F5/QR/202627/00805,32AAIFI0458G1ZN,VOLTLYNC PRIVATE LIMITED,2026-27,f
818,VL/F5/QR/202627/00806,32AAIFI0458G1ZN,VOLTLYNC PRIVATE LIMITED,2026-27,f
819,VL/F5/QR/202627/00807,32AAIFI0458G1ZN,VOLTLYNC PRIVATE LIMITED,2026-27,f
820,VL/F5/QR/202627/00808,32AAIFI0458G1ZN,VOLTLYNC PRIVATE LIMITED,2026-27,f
821,VL/F5/QR/202627/00809,32AAIFI0458G1ZN,VOLTLYNC PRIVATE LIMITED,2026-27,f
822,VL/F5/QR/202627/00810,32AAIFI0458G1ZN,VOLTLYNC PRIVATE LIMITED,2026-27,f
823,VL/F5/QR/202627/00811,32AAIFI0458G1ZN,VOLTLYNC PRIVATE LIMITED,2026-27,f
824,VL/F5/QR/202627/00812,32AAIFI0458G1ZN,VOLTLYNC PRIVATE LIMITED,2026-27,f
825,VL/F5/QR/202627/00813,32AAIFI0458G1ZN,VOLTLYNC PRIVATE LIMITED,2026-27,f
826,VL/F5/QR/202627/00814,32AAIFI0458G1ZN,VOLTLYNC PRIVATE LIMITED,2026-27,f
827,VL/F5/QR/202627/00815,32AAIFI0458G1ZN,VOLTLYNC PRIVATE LIMITED,2026-27,t
828,VL/F5/QR/202627/00816,32AAIFI0458G1ZN,VOLTLYNC PRIVATE LIMITED,2026-27,t
829,VL/F5/QR/202627/00817,32AAIFI0458G1ZN,VOLTLYNC PRIVATE LIMITED,2026-27,f
830,VL/F5/QR/202627/00818,32AAIFI0458G1ZN,VOLTLYNC PRIVATE LIMITED,2026-27,f
831,VL/F5/QR/202627/00819,32AAIFI0458G1ZN,VOLTLYNC PRIVATE LIMITED,2026-27,f
832,VL/F5/QR/202627/00820,32AAIFI0458G1ZN,VOLTLYNC PRIVATE LIMITED,2026-27,f
833,VL/F5/QR/202627/00821,32AAIFI0458G1ZN,VOLTLYNC PRIVATE LIMITED,2026-27,f
834,VL/F5/QR/202627/00822,32AAIFI0458G1ZN,VOLTLYNC PRIVATE LIMITED,2026-27,f
835,VL/F5/QR/202627/00823,32AAIFI0458G1ZN,VOLTLYNC PRIVATE LIMITED,2026-27,f
836,VL/F5/QR/202627/00824,32AAIFI0458G1ZN,VOLTLYNC PRIVATE LIMITED,2026-27,f
837,VL/F5/QR/202627/00825,32AAIFI0458G1ZN,VOLTLYNC PRIVATE LIMITED,2026-27,f
838,VL/F5/QR/202627/00826,32AAIFI0458G1ZN,VOLTLYNC PRIVATE LIMITED,2026-27,f
839,VL/F5/QR/202627/00827,32AAIFI0458G1ZN,VOLTLYNC PRIVATE LIMITED,2026-27,f
840,VL/F5/QR/202627/00828,32AAIFI0458G1ZN,VOLTLYNC PRIVATE LIMITED,2026-27,f
841,VL/F5/QR/202627/00829,32AAIFI0458G1ZN,VOLTLYNC PRIVATE LIMITED,2026-27,f
842,VL/F5/QR/202627/00830,32AAIFI0458G1ZN,VOLTLYNC PRIVATE LIMITED,2026-27,f
843,VL/F5/QR/202627/00831,32AAIFI0458G1ZN,VOLTLYNC PRIVATE LIMITED,2026-27,f
844,VL/F5/QR/202627/00832,32AAIFI0458G1ZN,VOLTLYNC PRIVATE LIMITED,2026-27,f
845,VL/F5/QR/202627/00833,32AAIFI0458G1ZN,VOLTLYNC PRIVATE LIMITED,2026-27,f
846,VL/F5/QR/202627/00834,32AAIFI0458G1ZN,VOLTLYNC PRIVATE LIMITED,2026-27,f
847,VL/F5/QR/202627/00835,32AAIFI0458G1ZN,VOLTLYNC PRIVATE LIMITED,2026-27,f
848,VL/F5/QR/202627/00836,32AAIFI0458G1ZN,VOLTLYNC PRIVATE LIMITED,2026-27,f
849,VL/F5/QR/202627/00837,32AAIFI0458G1ZN,VOLTLYNC PRIVATE LIMITED,2026-27,f
850,VL/F5/QR/202627/00838,32AAIFI0458G1ZN,VOLTLYNC PRIVATE LIMITED,2026-27,f
851,VL/F5/QR/202627/00839,32AAIFI0458G1ZN,VOLTLYNC PRIVATE LIMITED,2026-27,f
852,VL/F5/QR/202627/00840,32AAIFI0458G1ZN,VOLTLYNC PRIVATE LIMITED,2026-27,f
853,VL/F5/QR/202627/00841,32AAIFI0458G1ZN,VOLTLYNC PRIVATE LIMITED,2026-27,f
854,VL/F5/QR/202627/00842,32AAIFI0458G1ZN,VOLTLYNC PRIVATE LIMITED,2026-27,f
855,VL/F5/QR/202627/00843,32AAIFI0458G1ZN,VOLTLYNC PRIVATE LIMITED,2026-27,f
856,VL/F5/QR/202627/00844,32AAIFI0458G1ZN,VOLTLYNC PRIVATE LIMITED,2026-27,f
857,VL/F5/QR/202627/00845,32AAIFI0458G1ZN,VOLTLYNC PRIVATE LIMITED,2026-27,f
858,VL/F5/QR/202627/00846,32AAIFI0458G1ZN,VOLTLYNC PRIVATE LIMITED,2026-27,f
859,VL/F5/QR/202627/00847,32AAIFI0458G1ZN,VOLTLYNC PRIVATE LIMITED,2026-27,f
860,VL/F5/QR/202627/00848,32AAIFI0458G1ZN,VOLTLYNC PRIVATE LIMITED,2026-27,f
861,VL/F5/QR/202627/00849,32AAIFI0458G1ZN,VOLTLYNC PRIVATE LIMITED,2026-27,f
862,VL/F5/QR/202627/00850,32AAIFI0458G1ZN,VOLTLYNC PRIVATE LIMITED,2026-27,f
863,VL/F5/QR/202627/00851,32AAIFI0458G1ZN,VOLTLYNC PRIVATE LIMITED,2026-27,f
864,VL/F5/QR/202627/00852,32AAIFI0458G1ZN,VOLTLYNC PRIVATE LIMITED,2026-27,f
865,VL/F5/QR/202627/00853,32AAIFI0458G1ZN,VOLTLYNC PRIVATE LIMITED,2026-27,f
866,VL/F5/QR/202627/00854,32AAIFI0458G1ZN,VOLTLYNC PRIVATE LIMITED,2026-27,f
867,VL/F5/QR/202627/00855,32AAIFI0458G1ZN,VOLTLYNC PRIVATE LIMITED,2026-27,f
868,VL/F5/QR/202627/00856,32AAIFI0458G1ZN,VOLTLYNC PRIVATE LIMITED,2026-27,f
869,VL/F5/QR/202627/00857,32AAIFI0458G1ZN,VOLTLYNC PRIVATE LIMITED,2026-27,f
870,VL/F5/QR/202627/00858,32AAIFI0458G1ZN,VOLTLYNC PRIVATE LIMITED,2026-27,f
871,VL/F5/QR/202627/00859,32AAIFI0458G1ZN,VOLTLYNC PRIVATE LIMITED,2026-27,f
872,VL/F5/QR/202627/00860,32AAIFI0458G1ZN,VOLTLYNC PRIVATE LIMITED,2026-27,f
873,VL/F5/QR/202627/00861,32AAIFI0458G1ZN,VOLTLYNC PRIVATE LIMITED,2026-27,f
874,VL/F5/QR/202627/00862,32AAIFI0458G1ZN,VOLTLYNC PRIVATE LIMITED,2026-27,f
875,VL/F5/QR/202627/00863,32AAIFI0458G1ZN,VOLTLYNC PRIVATE LIMITED,2026-27,f
876,VL/F5/QR/202627/00864,32AAIFI0458G1ZN,VOLTLYNC PRIVATE LIMITED,2026-27,f
877,VL/F5/QR/202627/00865,32AAIFI0458G1ZN,VOLTLYNC PRIVATE LIMITED,2026-27,f
878,VL/F5/QR/202627/00866,32AAIFI0458G1ZN,VOLTLYNC PRIVATE LIMITED,2026-27,f
879,VL/F5/QR/202627/00867,32AAIFI0458G1ZN,VOLTLYNC PRIVATE LIMITED,2026-27,f
880,VL/F5/QR/202627/00868,32AAIFI0458G1ZN,VOLTLYNC PRIVATE LIMITED,2026-27,f
881,VL/F5/QR/202627/00869,32AAIFI0458G1ZN,VOLTLYNC PRIVATE LIMITED,2026-27,f
882,VL/F5/QR/202627/00870,32AAIFI0458G1ZN,VOLTLYNC PRIVATE LIMITED,2026-27,f
883,VL/F5/QR/202627/00871,32AAIFI0458G1ZN,VOLTLYNC PRIVATE LIMITED,2026-27,f
884,VL/F5/QR/202627/00872,32AAIFI0458G1ZN,VOLTLYNC PRIVATE LIMITED,2026-27,f
885,VL/F5/QR/202627/00873,32AAIFI0458G1ZN,VOLTLYNC PRIVATE LIMITED,2026-27,f
886,VL/F5/QR/202627/00874,32AAIFI0458G1ZN,VOLTLYNC PRIVATE LIMITED,2026-27,f
887,VL/F5/QR/202627/00875,32AAIFI0458G1ZN,VOLTLYNC PRIVATE LIMITED,2026-27,f
888,VL/F5/QR/202627/00876,32AAIFI0458G1ZN,VOLTLYNC PRIVATE LIMITED,2026-27,f
889,VL/F5/QR/202627/00877,32AAIFI0458G1ZN,VOLTLYNC PRIVATE LIMITED,2026-27,f
890,VL/F5/QR/202627/00878,32AAIFI0458G1ZN,VOLTLYNC PRIVATE LIMITED,2026-27,f
891,VL/F5/QR/202627/00879,32AAIFI0458G1ZN,VOLTLYNC PRIVATE LIMITED,2026-27,t
892,VL/F5/QR/202627/00880,32AAIFI0458G1ZN,VOLTLYNC PRIVATE LIMITED,2026-27,f
893,VL/F5/QR/202627/00881,32AAIFI0458G1ZN,VOLTLYNC PRIVATE LIMITED,2026-27,f
894,VL/F5/QR/202627/00882,32AAIFI0458G1ZN,VOLTLYNC PRIVATE LIMITED,2026-27,f
895,VL/F5/QR/202627/00883,32AAIFI0458G1ZN,VOLTLYNC PRIVATE LIMITED,2026-27,f
896,VL/F5/QR/202627/00884,32AAIFI0458G1ZN,VOLTLYNC PRIVATE LIMITED,2026-27,f
897,VL/F5/QR/202627/00885,32AAIFI0458G1ZN,VOLTLYNC PRIVATE LIMITED,2026-27,f
898,VL/F5/QR/202627/00886,32AAIFI0458G1ZN,VOLTLYNC PRIVATE LIMITED,2026-27,f
899,VL/F5/QR/202627/00887,32AAIFI0458G1ZN,VOLTLYNC PRIVATE LIMITED,2026-27,f
900,VL/F5/QR/202627/00888,32AAIFI0458G1ZN,VOLTLYNC PRIVATE LIMITED,2026-27,f
901,VL/F5/QR/202627/00889,32AAIFI0458G1ZN,VOLTLYNC PRIVATE LIMITED,2026-27,f
902,VL/F5/QR/202627/00890,32AAIFI0458G1ZN,VOLTLYNC PRIVATE LIMITED,2026-27,f
903,VL/F5/QR/202627/00891,32AAIFI0458G1ZN,VOLTLYNC PRIVATE LIMITED,2026-27,f
904,VL/F5/QR/202627/00892,32AAIFI0458G1ZN,VOLTLYNC PRIVATE LIMITED,2026-27,f
905,VL/F5/QR/202627/00893,32AAIFI0458G1ZN,VOLTLYNC PRIVATE LIMITED,2026-27,f
906,VL/F5/QR/202627/00894,32AAIFI0458G1ZN,VOLTLYNC PRIVATE LIMITED,2026-27,f
907,VL/F5/QR/202627/00895,32AAIFI0458G1ZN,VOLTLYNC PRIVATE LIMITED,2026-27,f
908,VL/F5/QR/202627/00896,32AAIFI0458G1ZN,VOLTLYNC PRIVATE LIMITED,2026-27,f
909,VL/F5/QR/202627/00897,32AAIFI0458G1ZN,VOLTLYNC PRIVATE LIMITED,2026-27,f
910,VL/F5/QR/202627/00898,32AAIFI0458G1ZN,VOLTLYNC PRIVATE LIMITED,2026-27,f
911,VL/F5/QR/202627/00899,32AAIFI0458G1ZN,VOLTLYNC PRIVATE LIMITED,2026-27,f
912,VL/F5/QR/202627/00900,32AAIFI0458G1ZN,VOLTLYNC PRIVATE LIMITED,2026-27,f
913,VL/F5/QR/202627/00901,32AAIFI0458G1ZN,VOLTLYNC PRIVATE LIMITED,2026-27,f
914,VL/F5/QR/202627/00902,32AAIFI0458G1ZN,VOLTLYNC PRIVATE LIMITED,2026-27,f
915,VL/F5/QR/202627/00903,32AAIFI0458G1ZN,VOLTLYNC PRIVATE LIMITED,2026-27,f
916,VL/F5/QR/202627/00904,32AAIFI0458G1ZN,VOLTLYNC PRIVATE LIMITED,2026-27,f
917,VL/F5/QR/202627/00905,32AAIFI0458G1ZN,VOLTLYNC PRIVATE LIMITED,2026-27,f
918,VL/F5/QR/202627/00906,32AAIFI0458G1ZN,VOLTLYNC PRIVATE LIMITED,2026-27,f
919,VL/F5/QR/202627/00907,32AAIFI0458G1ZN,VOLTLYNC PRIVATE LIMITED,2026-27,f
920,VL/F5/QR/202627/00908,32AAIFI0458G1ZN,VOLTLYNC PRIVATE LIMITED,2026-27,f
921,VL/F5/QR/202627/00909,32AAIFI0458G1ZN,VOLTLYNC PRIVATE LIMITED,2026-27,f
922,VL/F5/QR/202627/00910,32AAIFI0458G1ZN,VOLTLYNC PRIVATE LIMITED,2026-27,f
923,VL/F5/QR/202627/00911,32AAIFI0458G1ZN,VOLTLYNC PRIVATE LIMITED,2026-27,f
924,VL/F5/QR/202627/00912,32AAIFI0458G1ZN,VOLTLYNC PRIVATE LIMITED,2026-27,f
925,VL/F5/QR/202627/00913,32AAIFI0458G1ZN,VOLTLYNC PRIVATE LIMITED,2026-27,f
926,VL/F5/QR/202627/00914,32AAIFI0458G1ZN,VOLTLYNC PRIVATE LIMITED,2026-27,f
927,VL/F5/QR/202627/00915,32AAIFI0458G1ZN,VOLTLYNC PRIVATE LIMITED,2026-27,f
928,VL/F5/QR/202627/00916,32AAIFI0458G1ZN,VOLTLYNC PRIVATE LIMITED,2026-27,f
929,VL/F5/QR/202627/00917,32AAIFI0458G1ZN,VOLTLYNC PRIVATE LIMITED,2026-27,f
930,VL/F5/QR/202627/00918,32AAIFI0458G1ZN,VOLTLYNC PRIVATE LIMITED,2026-27,f
931,VL/F5/QR/202627/00919,32AAIFI0458G1ZN,VOLTLYNC PRIVATE LIMITED,2026-27,f
932,VL/F5/QR/202627/00920,32AAIFI0458G1ZN,VOLTLYNC PRIVATE LIMITED,2026-27,f
933,VL/F5/QR/202627/00921,32AAIFI0458G1ZN,VOLTLYNC PRIVATE LIMITED,2026-27,f
934,VL/F5/QR/202627/00922,32AAIFI0458G1ZN,VOLTLYNC PRIVATE LIMITED,2026-27,f
935,VL/F5/QR/202627/00923,32AAIFI0458G1ZN,VOLTLYNC PRIVATE LIMITED,2026-27,f
936,VL/F5/QR/202627/00924,32AAIFI0458G1ZN,VOLTLYNC PRIVATE LIMITED,2026-27,f
937,VL/F5/QR/202627/00925,32AAIFI0458G1ZN,VOLTLYNC PRIVATE LIMITED,2026-27,t
938,VL/F5/QR/202627/00926,32AAIFI0458G1ZN,VOLTLYNC PRIVATE LIMITED,2026-27,f
939,VL/F5/QR/202627/00927,32AAIFI0458G1ZN,VOLTLYNC PRIVATE LIMITED,2026-27,f
940,VL/F5/QR/202627/00928,32AAIFI0458G1ZN,VOLTLYNC PRIVATE LIMITED,2026-27,t
941,VL/F5/QR/202627/00929,32AAIFI0458G1ZN,VOLTLYNC PRIVATE LIMITED,2026-27,f
942,VL/F5/QR/202627/00930,32AAIFI0458G1ZN,VOLTLYNC PRIVATE LIMITED,2026-27,f
943,VL/F5/QR/202627/00931,32AAIFI0458G1ZN,VOLTLYNC PRIVATE LIMITED,2026-27,f
944,VL/F5/QR/202627/00932,32AAIFI0458G1ZN,VOLTLYNC PRIVATE LIMITED,2026-27,f
945,VL/F5/QR/202627/00933,32AAIFI0458G1ZN,VOLTLYNC PRIVATE LIMITED,2026-27,f
946,VL/F5/QR/202627/00934,32AAIFI0458G1ZN,VOLTLYNC PRIVATE LIMITED,2026-27,f
947,VL/F5/QR/202627/00935,32AAIFI0458G1ZN,VOLTLYNC PRIVATE LIMITED,2026-27,f
948,VL/F5/QR/202627/00936,32AAIFI0458G1ZN,VOLTLYNC PRIVATE LIMITED,2026-27,f
(948 rows)
